candle_begin_time,close,每次投入资金,累计投入资金,每次买币数量,累计买币数量,平均持有成本,币市值
2013-12-04,1138.5,100,100,0.08765920070267896,0.08765920070267896,1140.7815631262524,99.8
2013-12-05,1023.87,100,200,0.09747331204156777,0.18513251274424675,1080.3072730735962,189.55162582345193
2013-12-06,820.0,100,300,0.12170731707317073,0.3068398298174175,977.708794123998,251.60866045028234
2013-12-07,693.0,100,400,0.144011544011544,0.45085137382896145,887.2103385266541,312.4400020634703
2013-12-08,784.9,100,500,0.12714995540833227,0.5780013292372937,865.0499137428957,453.67324331835187
2013-12-09,899.01,100,600,0.11101100098997786,0.6890123302272716,870.8117020229365,619.4289749976194
2013-12-10,983.0,100,700,0.10152594099694813,0.7905382712242197,885.4726272973312,777.099120613408
2013-12-11,879.3,100,800,0.11349937450244513,0.9040376457266648,884.9189010895233,794.9203018874563
2013-12-12,873.0,100,900,0.1143184421534937,1.0183560878801585,883.7773061026893,889.0248647193783
2013-12-13,885.02,100,1000,0.11276581320196154,1.13112190108212,884.0780105515785,1001.0655048956979
2013-12-14,850.78,100,1100,0.11730412092432826,1.2484260220064483,881.1094775420488,1062.135891002646
2013-12-15,859.71,100,1200,0.11608565679124355,1.3645116787976919,879.4354923054616,1173.0843353791638
2013-12-16,690.0,100,1300,0.1446376811594203,1.5091493599571122,861.4124184745664,1041.3130583704074
2013-12-17,675.0,100,1400,0.14785185185185185,1.657001211808964,844.8998045521081,1118.4758179710507
2013-12-18,520.01,100,1500,0.19191938616565066,1.8489205979746148,811.284163118288,961.4572001527795
2013-12-19,684.99,100,1600,0.14569555759938102,1.9946161555739959,802.1593505741779,1366.2921204066315
2013-12-20,609.01,100,1700,0.1638725144086304,2.1584886699826265,787.5881044183027,1314.5411849061193
2013-12-21,595.03,100,1800,0.1677226358334874,2.326211305816114,773.7904099681515,1384.1655132997623
2013-12-22,614.999,100,1900,0.16227668662875874,2.4884879924448726,763.5158400476352,1530.4176268656042
2013-12-23,654.76,100,2000,0.15242226159203373,2.6409102540369065,757.3146406405865,1729.1623979332048
2013-12-24,651.83,100,2100,0.1531074053050642,2.7940176593419705,751.6058436418683,1821.2245308888769
2013-12-25,679.5,100,2200,0.1468727005150846,2.9408903598570553,748.0727707601221,1998.334999522869
2013-12-26,757.3889,100,2300,0.13176850096429985,3.072658860821355,748.5373756672698,2327.1977146727395
2013-12-27,720.61,100,2400,0.13849377610635433,3.2111526369277095,747.3951790395785,2313.9887016964767
2013-12-28,712.2,100,2500,0.14012917719741647,3.3512818141251257,745.9832203495669,2386.782908019915
2013-12-29,728.3,100,2600,0.13703144308664014,3.488313257211766,745.3459045355918,2540.538545227329
2013-12-30,736.5,100,2700,0.13550577053632043,3.623819027748086,745.070319275252,2668.9427139364657
2013-12-31,729.99,100,2800,0.13671420156440497,3.7605332293124913,744.5752581507974,2745.1516520658256
2014-01-01,754.22,100,2900,0.1323221341253215,3.8928553634378127,744.9544689579698,2936.0693722120673
2014-01-02,784.34,100,3000,0.12724073743529593,4.020096100873109,746.2508170758509,3153.122175758814
2014-01-03,807.0,100,3100,0.12366790582403966,4.143764006697149,748.1121017002373,3344.017553404599
2014-01-04,829.0,100,3200,0.1203860072376357,4.264150013934785,750.4426414508738,3534.9803615519368
2014-01-05,905.36,100,3300,0.11023239374392507,4.37438240767871,754.3922072764468,3960.390856615997
2014-01-06,919.24,100,3400,0.10856794743483747,4.482950355113547,758.4290992921073,4120.907284434577
2014-01-07,781.0,100,3500,0.12778489116517286,4.61073524627872,759.0980208253806,3600.9842273436802
2014-01-08,824.89,100,3600,0.12098582841348543,4.731721074692206,760.8225301475906,3903.1493973028532
2014-01-09,826.2,100,3700,0.12079399661099008,4.852515071303196,762.4911918112446,4009.1479519107006
2014-01-10,853.02,100,3800,0.11699608449977726,4.969511155802973,764.6627366079424,4239.092406123052
2014-01-11,896.59,100,3900,0.11131063250761217,5.080821788310585,767.5923625136205,4555.414007181387
2014-01-12,842.1,100,4000,0.11851324070775442,5.199335029018339,769.3291503000568,4378.360027936344
2014-01-13,824.5,100,4100,0.12104305639781686,5.320378085416156,770.6219246407751,4386.651731425621
2014-01-14,816.0,100,4200,0.12230392156862745,5.442682006984783,771.6783737521307,4441.228517699583
2014-01-15,842.111,100,4300,0.11851169263909389,5.561193699623876,773.2152901437014,4683.142387583962
2014-01-16,812.48,100,4400,0.12283379283182355,5.6840274924557,774.0990003725414,4618.158657070407
2014-01-17,800.0,100,4500,0.12475,5.808777492455699,774.6896839902186,4647.021993964559
2014-01-18,811.22,100,4600,0.12302458026182786,5.931802072717527,775.4810331850148,4811.996477429912
2014-01-19,841.11,100,4700,0.11865273269845798,6.050454805415986,776.8011085369742,5089.0980413834395
2014-01-20,827.11,100,4800,0.12066109707294072,6.171115902488927,777.8171850676262,5104.191674107617
2014-01-21,824.34,100,4900,0.12106655020986486,6.292182452698792,778.7441061723079,5186.897683057722
2014-01-22,818.0,100,5000,0.12200488997555012,6.414187342674341,779.5219772790878,5246.805246307611
2014-01-23,811.01,100,5100,0.12305643580227124,6.537243778476613,780.1452986641509,5301.770076782318
2014-01-24,778.0,100,5200,0.12827763496143957,6.665521413438053,780.1340176503699,5185.775659654805
2014-01-25,805.4,100,5300,0.12391358331263969,6.789434996750693,780.6246031571831,5468.2109463830075
2014-01-26,815.0,100,5400,0.12245398773006134,6.911888984480754,781.2625480710998,5633.189522351815
2014-01-27,750.0,100,5500,0.13306666666666667,7.04495565114742,780.7004433170858,5283.716738360566
2014-01-28,784.0001,100,5600,0.12729590213062472,7.172251553278045,780.7868921497246,5623.0459349951425
2014-01-29,791.56,100,5700,0.12608014553539845,7.298331698813444,781.0004032739017,5777.067439512769
2014-01-30,801.5,100,5800,0.12451653150343107,7.422848230316875,781.3712230180413,5949.412856598975
2014-01-31,803.5,100,5900,0.12420659614187927,7.547054826458754,781.7619105290654,6064.058553059609
2014-02-01,812.5211,100,6000,0.12282757949301254,7.669882405951767,782.2805725605452,6231.941289354577
2014-02-02,814.222,100,6100,0.12257099415147221,7.792453400103239,782.8086594549521,6344.786992338859
2014-02-03,806.01,100,6200,0.12381980372451955,7.916273203827759,783.1968200645364,6380.595365017211
2014-02-04,802.69,100,6300,0.12433193387235421,8.040605137700112,783.5231169929102,6454.113337980503
2014-02-05,778.03,100,6400,0.12827268871380282,8.168877826413915,783.4613438954514,6355.632015284818
2014-02-06,763.11,100,6500,0.1307806214045157,8.29965844781843,783.1647580279076,6333.552358114723
2014-02-07,702.0,100,6600,0.14216524216524218,8.441823689983673,781.8215876542151,5926.160230368539
2014-02-08,680.49,100,6700,0.1466590251142559,8.588482715097928,780.1145117544321,5844.37660279699
2014-02-09,689.0,100,6800,0.1448476052249637,8.733330320322892,778.626222825451,6017.264590702473
2014-02-10,686.8313,100,6900,0.14530496790114253,8.878635288224034,777.1464618162264,6098.124617236788
2014-02-11,674.5,100,7000,0.1479614529280949,9.02659674115213,775.4860664249126,6088.439501907112
2014-02-12,652.05,100,7100,0.15305574725864582,9.179652488410776,773.4497584700165,5985.592405068246
2014-02-13,605.5,100,7200,0.164822460776218,9.344474949186994,770.5087807663745,5658.079581732724
2014-02-14,668.0,100,7300,0.1494011976047904,9.493876146791784,768.916708742493,6341.909266056912
2014-02-15,651.92,100,7400,0.15308626825377347,9.646962415045557,767.080836601876,6289.047737616499
2014-02-16,621.0,100,7500,0.16070853462157808,9.807670949667136,764.7075476420366,6090.563659743291
2014-02-17,630.0,100,7600,0.1584126984126984,9.966083648079834,762.5864149218025,6278.632698290296
2014-02-18,627.95,100,7700,0.1589298511027948,10.125013499182629,760.4928132314693,6358.002226811732
2014-02-19,621.75,100,7800,0.1605146763168476,10.285528175499476,758.3470549018475,6395.027143116799
2014-02-20,561.2,100,7900,0.17783321454027082,10.463361390039747,755.0154969817008,5872.038412090306
2014-02-21,580.0,100,8000,0.17206896551724138,10.635430355556988,752.2027536779476,6168.549606223053
2014-02-22,608.7,100,8100,0.16395597174305898,10.799386327300047,750.0426185813727,6573.586457427539
2014-02-23,607.15175,100,8200,0.1643740629916656,10.963760390291712,747.9185706448865,6656.666307546297
2014-02-24,535.9999,100,8300,0.18619406458844487,11.149954454880158,744.397659522925,5976.374472820319
2014-02-25,534.6,100,8400,0.18668163112607555,11.336636086006234,740.960540346605,6060.565651578932
2014-02-26,584.0,100,8500,0.1708904109589041,11.507526496965138,738.6470065692824,6720.39547422764
2014-02-27,583.89,100,8600,0.17092260528524209,11.67844910225038,736.3991506665747,6818.929646312974
2014-02-28,554.25,100,8700,0.18006314839873702,11.858512250649117,733.650209749016,6572.580414922273
2014-03-01,568.75,100,8800,0.17547252747252748,12.033984778121644,731.2623509378886,6844.328842556685
2014-03-02,565.37191,100,8900,0.17652097360125302,12.210505751722897,728.8805378715958,6903.476958917559
2014-03-03,680.98,100,9000,0.14655349643161325,12.35705924815451,728.3286273264509,8414.910206808257
2014-03-04,672.0,100,9100,0.14851190476190476,12.505571152916415,727.6756806007853,8403.743814759831
2014-03-05,669.61,100,9200,0.14904197965980195,12.654613132576218,727.0076061287755,8473.655499704362
2014-03-06,668.0,100,9300,0.1494011976047904,12.804014330181008,726.3347072393137,8553.081572560914
2014-03-07,631.01,100,9400,0.15815914169347553,12.962173471874484,725.1870236420041,8179.261082487518
2014-03-08,616.8001,100,9500,0.16180282720447028,13.123976299078954,723.865982649383,8094.869893669529
2014-03-09,638.5,100,9600,0.1563038371182459,13.2802801361972,722.876317483236,8479.458866961913
2014-03-10,626.9801,100,9700,0.15917570589560975,13.43945584209281,721.755412865697,8426.271367820935
2014-03-11,634.01,100,9800,0.1574107663916973,13.596866608484508,720.7542945140577,8620.549398445262
2014-03-12,636.2296,100,9900,0.15686161096560108,13.753728219450108,719.8048297915119,8750.529003569454
2014-03-13,644.18,100,10000,0.15492564190133193,13.908653861351441,718.9768398642386,8959.67664440537
2014-03-14,627.98,100,10100,0.1589222586706583,14.0675761200221,717.9630601482846,8834.156451851479
2014-03-15,635.45,100,10200,0.15705405618065937,14.224630176202758,717.0660940671902,9039.041245468043
2014-03-16,633.0,100,10300,0.15766192733017378,14.382292103532933,716.1584485876115,9103.990901536346
2014-03-17,623.8,100,10400,0.1599871753767233,14.542279278909657,715.1561182766507,9071.473814183842
2014-03-18,615.5999,100,10500,0.1621182849444907,14.704397563854148,714.0720967590502,9052.025669868857
2014-03-19,609.0,100,10600,0.1638752052545156,14.868272769108664,712.9274640443294,9054.778116387177
2014-03-20,586.5551,100,10700,0.17014599310448414,15.038418762213148,711.5109752686074,8820.86122091181
2014-03-21,570.9999,100,10800,0.1747811164240134,15.21319987863716,709.9098208238024,8686.73560938183
2014-03-22,563.0,100,10900,0.17726465364120783,15.390464532278369,708.2307345005388,8664.831531672722
2014-03-23,558.0,100,11000,0.17885304659498208,15.56931757887335,706.5177997863152,8687.67920901133
2014-03-24,585.6587,100,11100,0.1704064158869321,15.739723994760283,705.222023187647,9218.106293130113
2014-03-25,583.9899,100,11200,0.17089336647774214,15.910617361238025,703.9324587923164,9291.639841727658
2014-03-26,576.6,100,11300,0.1730835934790149,16.083700954717038,702.5746146247471,9273.861970489845
2014-03-27,474.0,100,11400,0.21054852320675105,16.29424947792379,699.6333286442713,7723.474252535876
2014-03-28,502.25,100,11500,0.1987058237929318,16.49295530171672,697.2673962684534,8283.586800287223
2014-03-29,492.4398,100,11600,0.20266436628395998,16.695619668000678,694.793019406935,8221.58761018632
2014-03-30,460.9999,100,11700,0.21648594717699504,16.912105615177673,691.8121413279197,7796.478997386346
2014-03-31,456.9899,100,11800,0.21838557044696175,17.130491185624635,688.8302192935475,7828.461453869483
2014-04-01,479.9181,100,11900,0.20795214850200483,17.33844333412664,686.3361243380859,8321.032781871721
2014-04-02,437.2203,100,12000,0.22826021573106278,17.566703549857703,683.1105201918891,7680.51939607985
2014-04-03,447.9999,100,12100,0.22276790686783635,17.78947145672554,680.1775999604214,7969.681433665896
2014-04-04,447.0211,100,12200,0.2232556807721157,18.012727137497656,677.2988846648811,8052.069099004053
2014-04-05,463.99,100,12300,0.21509084247505333,18.22781797997271,674.7927817533767,8457.525264527538
2014-04-06,458.78,100,12400,0.21753345830245435,18.445351438275164,672.256098860187,8462.35833285188
2014-04-07,446.58,100,12500,0.22347619687402034,18.668827635149185,669.5653441282689,8337.125045304923
2014-04-08,452.3849,100,12600,0.22060860121546938,18.889436236364656,667.039494579692,8545.295722844201
2014-04-09,442.45,100,12700,0.22556221041925642,19.11499844678391,664.3997400971157,8457.431062779542
2014-04-10,364.2,100,12800,0.2740252608456892,19.3890237076296,660.1673293618794,7061.4824343187
2014-04-11,421.0,100,12900,0.2370546318289786,19.62607833945858,657.2887245672672,8262.578980912062
2014-04-12,423.3,100,13000,0.23576659579494447,19.861844935253526,654.5212714316291,8407.518961092817
2014-04-13,418.0,100,13100,0.23875598086124403,20.100600916114768,651.7218094458884,8402.051182935973
2014-04-14,460.0,100,13200,0.21695652173913044,20.3175574378539,649.6843944147987,9346.076421412794
2014-04-15,519.0,100,13300,0.19229287090558767,20.509850308759486,648.4688966413249,10644.612310246173
2014-04-16,531.25,100,13400,0.18785882352941177,20.697709132288896,647.4146445074782,10995.657976528477
2014-04-17,498.10000001,100,13500,0.20036137321420677,20.898070505503103,645.9926525965656,10409.328919000076
2014-04-18,480.044,100,13600,0.20789760938580631,21.10596811488891,644.3675042987519,10131.79335774373
2014-04-19,504.999999,100,13700,0.19762376276757182,21.30359187765648,643.0840432297598,10758.313876912931
2014-04-20,500.9501,100,13800,0.19922143942081258,21.502813317077294,641.7764874068918,10771.836481471202
2014-04-21,495.39,100,13900,0.20145743757443632,21.70427075465173,640.4269536225218,10752.07868914692
2014-04-22,489.2503,100,14000,0.2039855673057329,21.908256321957463,639.0284920105008,10718.620977994586
2014-04-23,491.78,100,14100,0.20293627231688965,22.111192594274353,637.686092230555,10873.84229401224
2014-04-24,503.7,100,14200,0.19813380980742507,22.30932640408178,636.5050984866099,11237.207709735992
2014-04-25,464.33566,100,14300,0.21493072489844953,22.524257128980228,634.8711044326203,10458.81579999474
2014-04-26,460.0,100,14400,0.21695652173913044,22.74121365071936,633.2115876121894,10460.958279330905
2014-04-27,429.99,100,14500,0.23209842089350913,22.97331207161287,631.1671540786243,9878.294457672819
2014-04-28,441.38999999,100,14600,0.22610389905131753,23.199415970664187,629.3261872825503,10239.990215059472
2014-04-29,446.53,100,14700,0.22350122052269727,23.422917191186883,627.5904867021017,10459.03521338068
2014-04-30,449.0201,100,14800,0.22226176511920068,23.645178956306083,625.9204054809192,10617.160619478453
2014-05-01,459.4102,100,14900,0.21723505485946984,23.86241401116555,624.4129363034303,10962.636393352368
2014-05-02,452.0,100,15000,0.22079646017699117,24.083210471342543,622.8405476856595,10885.61113304683
2014-05-03,439.7398,100,15100,0.2269523932107123,24.310162864553256,621.1394010040701,10690.146156026076
2014-05-04,435.0413,100,15200,0.22940350720724678,24.539566371760504,619.4078481146988,10675.724855806973
2014-05-05,432.389,100,15300,0.2308106820478782,24.77037705380838,617.673278318049,10710.438563919153
2014-05-06,429.7,100,15400,0.2322550616709332,25.002632115479315,615.9351515021391,10743.631020021461
2014-05-07,440.43,100,15500,0.22659673500896851,25.229228850488283,614.3667764026809,11111.709262620554
2014-05-08,438.5,100,15600,0.22759407069555304,25.456822921183836,612.8023142675238,11162.816850939113
2014-05-09,454.0,100,15700,0.2198237885462555,25.67664670973009,611.4505596266405,11657.19760621746
2014-05-10,456.09,100,15800,0.21881646166326824,25.89546317139336,610.1454874711109,11810.661797840796
2014-05-11,437.97,100,15900,0.22786948877777016,26.12333266017113,608.651285302579,11441.236005175151
2014-05-12,440.0,100,16000,0.2268181818181818,26.35015084198931,607.2071501960357,11594.066370475297
2014-05-13,438.81,100,16100,0.22743328547662997,26.57758412746594,605.7736445413734,11662.50969097333
2014-05-14,445.0,100,16200,0.2242696629213483,26.801853790387288,604.4358023402943,11926.824936722343
2014-05-15,447.58,100,16300,0.22297689798471781,27.024830688372006,603.1490146213354,12095.773719501542
2014-05-16,448.6,100,16400,0.2224699063753901,27.247300594747397,601.8944865004908,12223.139046803683
2014-05-17,449.03,100,16500,0.2222568647974523,27.46955745954485,600.6649369688606,12334.655386059423
2014-05-18,447.4,100,16600,0.22306660706303086,27.69262406660788,599.4375960931956,12389.680007400366
2014-05-19,447.0,100,16700,0.2232662192393736,27.915890285847254,598.2255922701679,12478.402957773722
2014-05-20,491.35,100,16800,0.20311386995013736,28.11900415579739,597.4607033349112,13816.27269195105
2014-05-21,494.99,100,16900,0.20162023475221721,28.320624390549607,596.7382557299624,14018.425867078151
2014-05-22,528.85,100,17000,0.18871135482651036,28.509335745376116,596.2958994145349,15077.16220894216
2014-05-23,523.57,100,17100,0.19061443551005594,28.699950180886173,595.8198495894393,15026.432916206575
2014-05-24,528.0,100,17200,0.18901515151515152,28.888965332401323,595.3830399287025,15253.373695507898
2014-05-25,573.99,100,17300,0.17387062492377917,29.062835957325102,595.2619360823129,16681.777211145036
2014-05-26,586.0,100,17400,0.17030716723549488,29.2331431245606,595.214819215973,17130.621870992512
2014-05-27,576.08,100,17500,0.1732398278016942,29.406382952362293,595.1088927988737,16940.42909119687
2014-05-28,578.77,100,17600,0.1724346458869672,29.57881759824926,595.0204040962653,17119.332261338724
2014-05-29,569.5,100,17700,0.1752414398595259,29.754059038108785,594.8768192376699,16944.936622202953
2014-05-30,621.0,100,17800,0.16070853462157808,29.914767572730362,595.0238442175324,18577.070662665556
2014-05-31,626.21,100,17900,0.15937145685951995,30.074139029589883,595.1957588008829,18832.72660171948
2014-06-01,626.42,100,18000,0.15931802943711887,30.233457059027003,595.3669130479282,18938.842170915694
2014-06-02,667.11,100,18100,0.14960051565708804,30.38305757468409,595.7267452595477,20268.841538647506
2014-06-03,674.0,100,18200,0.14807121661721068,30.531128791301303,596.1129090381161,20577.980805337076
2014-06-04,642.0,100,18300,0.15545171339563862,30.68658050469694,596.351880822921,19700.784684015438
2014-06-05,660.9,100,18400,0.1510062036616735,30.837586708358614,596.6744471289197,20380.561055554208
2014-06-06,649.39,100,18500,0.15368268682917816,30.991269395187793,596.9423118522732,20125.420432541
2014-06-07,657.21,100,18600,0.15185404969492247,31.143123444882715,597.242599411019,20467.57215921137
2014-06-08,658.7,100,18700,0.15151055108547137,31.294633995968187,597.5465315366588,20613.775413144245
2014-06-09,650.3,100,18800,0.15346763032446564,31.448101626292654,597.8103296474335,20450.700487578113
2014-06-10,657.0,100,18900,0.15190258751902586,31.60000421381168,598.1011860669062,20761.202768474275
2014-06-11,637.6,100,19000,0.15652446675031367,31.756528680561992,598.3021693309257,20247.962686726325
2014-06-12,597.99,100,19100,0.16689242295021656,31.923421103512208,598.3068023338709,19089.886585689266
2014-06-13,605.0,100,19200,0.1649586776859504,32.08837978119816,598.347443246419,19413.469767624883
2014-06-14,570.27,100,19300,0.17500482227716696,32.26338460347532,598.2013430147393,18398.840337823873
2014-06-15,593.89,100,19400,0.16804458738150163,32.431429190856825,598.1851704971828,19260.701482157958
2014-06-16,591.1,100,19500,0.1688377601082727,32.6002669509651,598.1546111058063,19270.01779471547
2014-06-17,613.4,100,19600,0.1626997065536355,32.76296665751874,598.2364236085446,20096.803747721995
2014-06-18,608.1,100,19700,0.16411774379213945,32.92708440131088,598.2916604427846,20022.960024437147
2014-06-19,597.3,100,19800,0.16708521680897373,33.09416961811985,598.2926971268989,19767.147512902986
2014-06-20,592.0,100,19900,0.16858108108108108,33.26275069920093,598.2668174366607,19691.54841392695
2014-06-21,595.5,100,20000,0.16759026028547439,33.4303409594864,598.2589296423157,19907.76804137415
2014-06-22,603.4,100,20100,0.16539608882996354,33.595737048316366,598.2901929221791,20271.667734954095
2014-06-23,591.57,100,20200,0.1687036191828524,33.764440667499215,598.262538951045,19974.030165672513
2014-06-24,580.56,100,20300,0.17190299021634287,33.93634365771556,598.1787609398137,19702.083673923345
2014-06-25,566.75,100,20400,0.1760917512130569,34.11243540892862,598.0223855450815,19333.222768010295
2014-06-26,581.98,100,20500,0.1714835561359497,34.283918965064565,597.9479773269087,19952.555159288277
2014-06-27,604.0,100,20600,0.1652317880794702,34.44915075314403,597.9828108859816,20807.287054898996
2014-06-28,596.1,100,20700,0.16742157356148296,34.616572326705516,597.9794823310871,20634.938763949158
2014-06-29,601.95,100,20800,0.16579450120441896,34.78236682790993,598.0041583400744,20937.245712060387
2014-06-30,640.79,100,20900,0.15574525195461852,34.93811207986455,598.2006111900087,22387.992839656406
2014-07-01,641.34,100,21000,0.15561168802819098,35.09372376789274,598.397597783935,22507.00880130033
2014-07-02,654.61,100,21100,0.15245718824949206,35.24618095614223,598.6464186362572,23072.502515700267
2014-07-03,644.0,100,21200,0.15496894409937886,35.40114990024161,598.8506039984682,22798.3405357556
2014-07-04,632.11,100,21300,0.15788391261014698,35.55903381285176,599.0039018524104,22477.220863441726
2014-07-05,631.88,100,21400,0.1579413812749256,35.71697519412668,599.1548803807727,22568.842285664767
2014-07-06,637.38,100,21500,0.1565784932065644,35.87355368733325,599.3272979696887,22865.085649232467
2014-07-07,621.45,100,21600,0.16059216348861532,36.034145850821865,599.4314417614355,22393.41993899325
2014-07-08,625.36,100,21700,0.1595880772674939,36.19373392808936,599.551293688408,22634.11344926996
2014-07-09,624.47,100,21800,0.15981552356398224,36.35354945165334,599.6663414941604,22701.701026073963
2014-07-10,615.84,100,21900,0.16205507924136137,36.515604530894706,599.7435967812363,22487.769894306195
2014-07-11,636.0,100,22000,0.15691823899371068,36.67252276988842,599.9041881586631,23323.724481649035
2014-07-12,636.31,100,22100,0.1568417909509516,36.829364560839366,600.0646566544054,23434.892963707694
2014-07-13,629.49,100,22200,0.15854104116030437,36.98790560199967,600.1961895025439,23283.516697402774
2014-07-14,619.17,100,22300,0.1611835198733789,37.14908912187305,600.283897320916,23001.601511590132
2014-07-15,620.8,100,22400,0.16076030927835053,37.3098494311514,600.377657415508,23161.954526858786
2014-07-16,616.48,100,22500,0.16188684142226836,37.471736272573665,600.4525607335738,23100.575977316214
2014-07-17,622.51,100,22600,0.16031870973960258,37.63205498231327,600.5518436508928,23426.330547039834
2014-07-18,630.8,100,22700,0.1582117945466075,37.79026677685988,600.6837722008328,23838.10028284321
2014-07-19,629.3,100,22800,0.15858890831082154,37.9488556851707,600.8086301508578,23881.21488267792
2014-07-20,624.0,100,22900,0.15993589743589745,38.1087915826066,600.9112083850985,23779.885947546518
2014-07-21,620.01,100,23000,0.16096514572345608,38.26975672833006,600.9967652335173,23727.631869131917
2014-07-22,618.54,100,23100,0.1613476897209558,38.431104418051014,601.0756222022591,23771.17532674127
2014-07-23,619.0,100,23200,0.16122778675282715,38.59233220480384,601.1556875309066,23888.653634773575
2014-07-24,603.98,100,23300,0.16523725951190438,38.75756946431574,601.1728888585856,23408.796805057424
2014-07-25,600.47,100,23400,0.16620314087298282,38.923772605188724,601.1750257959494,23372.557736237675
2014-07-26,593.82,100,23500,0.16806439661850392,39.09183700180723,601.1485210816157,23213.51464841317
2014-07-27,591.55,100,23600,0.16870932296509172,39.26054632477232,601.1123687575649,23224.576178419065
2014-07-28,583.5,100,23700,0.17103684661525279,39.43158317138757,601.0410461327164,23008.32878050465
2014-07-29,583.0,100,23800,0.1711835334476844,39.602766704835254,600.9681136013703,23088.412988918953
2014-07-30,565.99,100,23900,0.1763282036785102,39.77909490851376,600.8180944027657,22514.569927269706
2014-07-31,580.0,100,24000,0.17206896551724138,39.951163874031,600.7334373454999,23171.67504693798
2014-08-01,594.6,100,24100,0.16784392869155734,40.119007802722564,600.7127623521268,23854.762039498837
2014-08-02,587.6,100,24200,0.16984343090537782,40.288851233627945,600.6624477741614,23673.72898487978
2014-08-03,585.71,100,24300,0.1703914906694439,40.45924272429739,600.60441975121,23697.383056048227
2014-08-04,586.6,100,24400,0.17013296965564267,40.62937569395303,600.5506996660919,23833.19178207285
2014-08-05,582.94,100,24500,0.17120115277730125,40.80057684673033,600.481706227724,23784.288267032982
2014-08-06,581.36,100,24600,0.171666437319389,40.97224328404972,600.4064710212402,23819.623355615146
2014-08-07,586.8,100,24700,0.17007498295841855,41.142318267008136,600.3550854791484,24142.312359080373
2014-08-08,590.6,100,24800,0.1689806975956654,41.3112989646038,600.3200243412595,24398.453168495005
2014-08-09,589.98,100,24900,0.16915827655174753,41.48045724115555,600.282679027343,24472.64016313695
2014-08-10,588.61,100,25000,0.1695519953789436,41.650009236534494,600.2399629258795,24515.61193671657
2014-08-11,572.51,100,25100,0.17432009921224084,41.82432933574673,600.1291688028897,23944.846788008363
2014-08-12,569.54,100,25200,0.17522913228219264,41.99955846802892,600.0063076658972,23920.428529881192
2014-08-13,547.3,100,25300,0.18234971679152204,42.18190818482044,599.7832030060803,23086.158349552228
2014-08-14,510.98,100,25400,0.19531097107518883,42.37721915589563,599.3786403623959,21653.91144427955
2014-08-15,496.39,100,25500,0.20105159249783439,42.578270748393464,598.8970324954342,21135.427816795032
2014-08-16,519.01,100,25600,0.1922891659120248,42.77055991430549,598.5425500926762,22198.34830112369
2014-08-17,497.4,100,25700,0.20064334539605952,42.97120325970155,598.0749443919225,21373.876501375547
2014-08-18,467.04,100,25800,0.21368619390202123,43.18488945360357,597.4311924016542,20169.07077041101
2014-08-19,487.0,100,25900,0.20492813141683777,43.3898175850204,596.9142402880609,21130.841163904937
2014-08-20,511.0,100,26000,0.19530332681017612,43.58512091183058,596.5338504531408,22271.996785945426
2014-08-21,517.47,100,26100,0.19286142191817882,43.77798233374876,596.1901076441187,22653.792518244973
2014-08-22,514.13,100,26200,0.1941143290607434,43.972096662809506,595.8324025553983,22607.37405725025
2014-08-23,499.5,100,26300,0.1997997997997998,44.171896462609304,595.4011963752216,22063.862283073347
2014-08-24,510.82,100,26400,0.1953721467444501,44.36726860935375,595.0332492281079,22663.68815103008
2014-08-25,501.76,100,26500,0.1988998724489796,44.56616848180273,594.6214562021523,22361.520697429336
2014-08-26,513.34,100,26600,0.1944130595706549,44.760581541373384,594.2728866338101,22977.396928448616
2014-08-27,508.35,100,26700,0.19632143208419395,44.95690297345758,593.9021203432006,22853.84162655716
2014-08-28,505.87,100,26800,0.19728388716468656,45.15418686062227,593.5219270523847,22842.14850718299
2014-08-29,508.52,100,26900,0.19625580114843075,45.3504426617707,593.1584880135257,23061.607102363636
2014-08-30,499.15,100,27000,0.19993989782630472,45.550382559597004,592.7502357345487,22736.473454622843
2014-08-31,477.81,100,27100,0.20886963437349573,45.7592521939705,592.2299578919004,21864.228290801042
2014-09-01,472.6,100,27200,0.21117223867964452,45.97042443265014,591.6847698426167,21725.622586870457
2014-09-02,475.45,100,27300,0.20990640445893366,46.180330837109075,591.1607713746081,21956.438296503507
2014-09-03,474.14,100,27400,0.2104863542413633,46.390817191350436,590.634131038949,21995.742063106896
2014-09-04,489.68,100,27500,0.20380656755432117,46.59462375890476,590.1968463635129,22816.455362260484
2014-09-05,481.9,100,27600,0.20709690807221415,46.801720666976976,589.7219077988814,22553.749189416205
2014-09-06,482.61,100,27700,0.20679223389486334,47.00851290087184,589.2549729963115,22686.77841108976
2014-09-07,479.88,100,27800,0.2079686588313745,47.21648155970322,588.7774582451276,22658.24517087038
2014-09-08,471.1,100,27900,0.21184461897686266,47.42832617868008,588.2560538799189,22343.48446277619
2014-09-09,473.06,100,28000,0.21096689637678095,47.63929307505686,587.7501153488008,22536.2439820864
2014-09-10,478.12,100,28100,0.208734208985192,47.848027284042054,587.2760403096435,22877.098805046186
2014-09-11,477.38,100,28200,0.209057773681344,48.0570850577234,586.8021326330506,22941.491264855995
2014-09-12,474.37,100,28300,0.21038429917574888,48.26746935689915,586.3162162230682,22896.639438832248
2014-09-13,478.69,100,28400,0.2084856587770791,48.47595501567623,585.8574625464514,23204.95490645405
2014-09-14,476.5,100,28500,0.20944386149003147,48.68539887716626,585.3911163777416,23198.59256496972
2014-09-15,474.77,100,28600,0.2102070476230596,48.895605924789315,584.9196356006347,23214.166824912223
2014-09-16,466.5,100,28700,0.21393354769560557,49.10953947248492,584.4078423109635,22909.600163914216
2014-09-17,458.3,100,28800,0.21776129173030764,49.327300764215224,583.8551786497331,22606.701940239836
2014-09-18,424.99,100,28900,0.23482905480128943,49.56212981901651,583.1064989646864,21063.40955178383
2014-09-19,393.3,100,29000,0.25375031782354435,49.81588013684006,582.1436843098912,19592.585657819196
2014-09-20,408.4,100,29100,0.24436826640548484,50.060248403245545,581.2995526029664,20444.60544788548
2014-09-21,399.21,100,29200,0.24999373763182287,50.31024214087737,580.3987171883402,20084.351765059655
2014-09-22,404.99,100,29300,0.24642583767500434,50.556667978552376,579.5476872097252,20474.944964633927
2014-09-23,438.65,100,29400,0.22751624301835177,50.784184221570726,578.920395210607,22276.482408792
2014-09-24,424.51,100,29500,0.23509457963298863,51.01927880120371,578.2127990273354,21658.194043898988
2014-09-25,409.86,100,29600,0.24349777972966377,51.26277658093338,577.4170260416482,21010.561609461354
2014-09-26,404.01,100,29700,0.24702358852503653,51.509800169458416,576.5893073219482,20810.474366462895
2014-09-27,399.8,100,29800,0.24962481240620313,51.75942498186462,575.740553733765,20693.418107749476
2014-09-28,376.7,100,29900,0.2649323068754978,52.02435728874012,574.7307906958305,19597.575390668404
2014-09-29,373.64,100,30000,0.2671020233379724,52.29145931207809,573.7074542318369,19538.180857364856
2014-09-30,387.0,100,30100,0.25788113695090437,52.549340449028996,572.7950102284526,20336.59475377422
2014-10-01,383.63,100,30200,0.26014649532101247,52.809486944350006,571.8669456460426,20259.30347646099
2014-10-02,371.39,100,30300,0.26872021325291473,53.07820715760292,570.8557546043609,19712.715356262146
2014-10-03,359.74,100,30400,0.2774225829765942,53.35562974057951,569.7618067260735,19194.154242876073
2014-10-04,328.25,100,30500,0.304036557501904,53.65966629808141,568.3971240255462,17613.785462345222
2014-10-05,319.9,100,30600,0.31197249140356365,53.97163878948498,566.9644407010603,17265.527248756243
2014-10-06,327.56,100,30700,0.30467700573940654,54.276315795224384,565.6242423643132,17778.750001883698
2014-10-07,335.97,100,30800,0.29705033187486973,54.573366127099256,564.3778675529743,18335.013817721538
2014-10-08,352.9,100,30900,0.28279965996032874,54.85616578705958,563.2912828787101,19358.740906253326
2014-10-09,364.0,100,31000,0.2741758241758242,55.13034161123541,562.3037894196957,20067.44434648969
2014-10-10,359.1,100,31100,0.27791701475912,55.40825862599453,561.2881684285522,19897.105672594636
2014-10-11,360.66,100,31200,0.2767149115510453,55.684973537545574,560.2947800444479,20083.34255605119
2014-10-12,378.05,100,31300,0.2639862452056606,55.94895978275123,559.4384617969184,21151.504245869102
2014-10-13,391.2,100,31400,0.2551124744376278,56.20407225718886,558.6783793230168,21987.033067012282
2014-10-14,399.0,100,31500,0.25012531328320803,56.45419757047207,557.9744528416755,22525.224830618354
2014-10-15,394.2,100,31600,0.25317097919837644,56.70736854967044,557.2468059829174,22354.044682280088
2014-10-16,381.6,100,31700,0.26153039832285113,56.968898947993296,556.4439647839923,21739.331838554244
2014-10-17,382.48,100,31800,0.26092867600920305,57.229827624002496,555.6543033630056,21889.264469628477
2014-10-18,390.9,100,31900,0.2553082629828601,57.485135886985354,554.9260605857273,22470.939618222572
2014-10-19,388.02,100,32000,0.2572032369465492,57.742339123931906,554.1860701437582,22405.182426868058
2014-10-20,380.55,100,32100,0.26225200367888585,58.004591127610794,553.4044698182531,22073.647153612288
2014-10-21,384.0,100,32200,0.2598958333333333,58.264486960944126,552.6522531912847,22373.562993002546
2014-10-22,378.8,100,32300,0.26346356916578667,58.52795053010991,551.8730744447159,22170.387660805634
2014-10-23,357.87,100,32400,0.27887221616788216,58.806822746277795,550.9564789750654,21045.197656210436
2014-10-24,356.58,100,32500,0.27988109260194066,59.086703838879735,550.0391439776781,21069.136854867735
2014-10-25,344.62,100,32600,0.28959433579014565,59.376298174669884,549.0406273577235,20462.259876954737
2014-10-26,353.01,100,32700,0.28271153791677295,59.65900971258666,548.1150317032678,21060.227018640217
2014-10-27,349.01,100,32800,0.28595169192859804,59.944961404515254,547.1685898446403,20921.390979789867
2014-10-28,352.7,100,32900,0.28296002268216613,60.22792142719742,546.2582672684298,21242.38788737253
2014-10-29,333.58,100,33000,0.29917860783020567,60.52710003502763,545.2103269593715,20190.630029684515
2014-10-30,345.08,100,33100,0.28920829952474786,60.816308334552375,544.2619078079499,20986.491680087332
2014-10-31,336.82,100,33200,0.2963006947330919,61.112609029285466,543.2594112303468,20583.94897324393
2014-11-01,325.9,100,33300,0.30622890457195456,61.41883793385742,542.17893272193,20016.39928264413
2014-11-02,323.82,100,33400,0.3081959113087518,61.72703384516617,541.0919320014524,19988.44809974171
2014-11-03,325.0,100,33500,0.3070769230769231,62.03411076824309,540.02547284275,20161.085999679002
2014-11-04,329.66,100,33600,0.30273615239944185,62.33684692064253,539.007050561512,20549.964955859017
2014-11-05,338.62,100,33700,0.2947256511724056,62.631572571814935,538.0672816630739,21208.303104267972
2014-11-06,350.48,100,33800,0.28475233964848207,62.91632491146342,537.2214611639149,22050.913554969702
2014-11-07,341.84,100,33900,0.2919494500351042,63.208274361498525,536.3221879167326,21607.116507734656
2014-11-08,345.0,100,34000,0.2892753623188406,63.497549723817365,535.4537324335037,21906.65465471699
2014-11-09,362.61,100,34100,0.2752268277212432,63.772776551538605,534.7109196734087,23124.646505353416
2014-11-10,366.07,100,34200,0.27262545414811373,64.04540200568673,533.9961797251785,23445.10031222174
2014-11-11,367.65,100,34300,0.27145382836937304,64.3168558340561,533.297213540684,23646.092047390724
2014-11-12,433.56,100,34400,0.23018728665005994,64.54704312070616,532.9446297899394,27985.016015413363
2014-11-13,417.65,100,34500,0.23895606368969233,64.78599918439586,532.5224652598945,27057.87255936293
2014-11-14,399.99,100,34600,0.24950623765594138,65.0355054220518,532.0170847518018,26013.5518137665
2014-11-15,375.34,100,34700,0.2658922576863644,65.30139767973816,531.3821944544195,24510.22660511292
2014-11-16,391.65,100,34800,0.2548193540150645,65.55621703375323,530.8421012469704,25675.09240126945
2014-11-17,387.5,100,34900,0.2575483870967742,65.81376542085,530.2842008329093,25502.834100579377
2014-11-18,372.85,100,35000,0.2676679629877967,66.0814333838378,529.6495279801285,24638.462437163926
2014-11-19,375.26,100,35100,0.26594894206683367,66.34738232590463,529.0336825586497,24897.51869161897
2014-11-20,356.77,100,35200,0.279732040250021,66.62711436615466,528.3134401792576,23770.555592412995
2014-11-21,350.46,100,35300,0.28476858985333564,66.91188295600799,527.5595072284606,23449.938500762557
2014-11-22,352.81,100,35400,0.2828718006859216,67.19475475669391,526.8268353412432,23706.98142570918
2014-11-23,368.25,100,35500,0.27101154107264086,67.46576629776655,526.1927929984132,24844.268439152533
2014-11-24,376.05,100,35600,0.26539024065948674,67.73115653842603,525.6074430059818,25470.30141627511
2014-11-25,377.02,100,35700,0.26470744257599066,67.99586398100203,525.0319344419911,25635.800638117384
2014-11-26,369.99,100,35800,0.2697370199194573,68.26560100092149,524.4222489085938,25257.589714330945
2014-11-27,370.0,100,35900,0.26972972972972975,68.53533073065122,523.8174182173218,25358.072370340953
2014-11-28,377.43,100,36000,0.26441989243038444,68.79975062308161,523.2577105871424,25967.089877669692
2014-11-29,376.28,100,36100,0.26522802168597853,69.06497864476759,522.6961726243139,25987.770164453148
2014-11-30,379.89,100,36200,0.26270762589170554,69.3276862706593,522.1579133432076,26336.89473736076
2014-12-01,382.0,100,36300,0.2612565445026178,69.58894281516191,521.6345949731976,26582.97615539185
2014-12-02,384.5,100,36400,0.2595578673602081,69.84850068252213,521.1278645113166,26856.74851242976
2014-12-03,376.0,100,36500,0.2654255319148936,70.11392621443703,520.581316304668,26362.83625662832
2014-12-04,370.99,100,36600,0.2690099463597401,70.38293616079677,520.0124063648565,26111.365486293995
2014-12-05,378.18,100,36700,0.2638954994975937,70.64683166029437,519.4854339182842,26717.218797290123
2014-12-06,376.69,100,36800,0.26493934004088243,70.91177100033525,518.954744478544,26711.755018116284
2014-12-07,376.02,100,36900,0.26541141428647413,71.17718241462173,518.4245673711824,26764.04413154606
2014-12-08,362.11,100,37000,0.2756068597939852,71.45278927441571,517.8244317083388,25873.769524158673
2014-12-09,351.99,100,37100,0.2835307821244922,71.7363200565402,517.1717753400092,25250.467296701583
2014-12-10,345.08,100,37200,0.28920829952474786,72.02552835606494,516.4835420033064,24854.56932511089
2014-12-11,348.53,100,37300,0.2863455082776232,72.31187386434256,515.821233867829,25202.85739793931
2014-12-12,352.29,100,37400,0.2832893354906469,72.59516319983321,515.1858381673275,25574.550043669242
2014-12-13,346.56,100,37500,0.28797322253000923,72.88313642236322,514.5223139504411,25258.3797585342
2014-12-14,353.65,100,37600,0.2821999151703662,73.16533633753359,513.9045603035288,25874.92119576875
2014-12-15,346.01,100,37700,0.2884309702031733,73.45376730773677,513.248011392727,25415.73802615
2014-12-16,325.1,100,37800,0.30698246693325126,73.76074977467002,512.4676757689466,23979.619751745224
2014-12-17,318.86,100,37900,0.31299002697108447,74.0737398016411,511.6523089220389,23619.152673151282
2014-12-18,311.77,100,38000,0.3201077717548193,74.39384757339592,510.79492779977187,23193.769857957643
2014-12-19,318.47,100,38100,0.31337331616792785,74.70722088956384,509.9908622798515,23792.0086366994
2014-12-20,329.66,100,38200,0.30273615239944185,75.00995704196329,509.2657229310175,24727.78243845362
2014-12-21,320.79,100,38300,0.3111069547055706,75.32106399666885,508.48989602289544,24162.244119491403
2014-12-22,332.63,100,38400,0.30003306977722993,75.62109706644608,507.79480184291725,25153.84551721196
2014-12-23,335.7,100,38500,0.2972892463509086,75.918386312797,507.1235292248347,25485.80228520595
2014-12-24,322.61,100,38600,0.30935184898174267,76.22773816177875,506.3773493853236,24591.83060837144
2014-12-25,318.5,100,38700,0.3133437990580848,76.54108196083683,505.6108302702243,24378.33460452653
2014-12-26,327.2,100,38800,0.3050122249388753,76.84609418577571,504.90529689382595,25144.042017585813
2014-12-27,315.89,100,38900,0.3159327614042863,77.16202694718,504.13398324318723,24374.71269234469
2014-12-28,316.94,100,39000,0.31488609831513853,77.47691304549514,503.37576017127645,24555.53282063923
2014-12-29,312.64,100,39100,0.31921699078812693,77.79613003628326,502.59569443575396,24322.182094543597
2014-12-30,310.8,100,39200,0.3211068211068211,78.11723685739008,501.809863955673,24278.83721527684
2014-12-31,322.3,100,39300,0.30964939497362703,78.42688625236372,501.1036632710321,25276.985439136828
2015-01-01,314.96,100,39400,0.31686563373126747,78.74375188609498,500.3571592193523,24801.132094044475
2015-01-02,315.81,100,39500,0.31601279250182074,79.0597646785968,499.6220284816191,24967.864283147657
2015-01-03,279.3,100,39600,0.3573218761188686,79.41708655471568,498.6332503234923,22181.19227473209
2015-01-04,264.19,100,39700,0.37775843143192395,79.79484498614761,497.52587409489826,21081.000096890337
2015-01-05,274.84,100,39800,0.3631203609372727,80.15796534708488,496.51958888509154,22030.615195992807
2015-01-06,288.43,100,39900,0.34601116388725167,80.50397651097214,495.62769106892387,23219.761945059694
2015-01-07,297.99,100,40000,0.334910567468707,80.83888707844085,494.811364253278,24089.17996050459
2015-01-08,283.21,100,40100,0.35238868684015395,81.191275765281,493.89542930605796,22994.181209485232
2015-01-09,290.51,100,40200,0.3435337854118619,81.53480955069287,493.0409505035557,23686.677522571787
2015-01-10,276.03,100,40300,0.36155490345252334,81.8963644541454,492.0853357607147,22605.853480277754
2015-01-11,267.27,100,40400,0.3734051708010626,82.26976962494646,491.0673772903043,21988.241327659438
2015-01-12,268.75,100,40500,0.37134883720930234,82.64111846215576,490.07081164500886,22209.80058670436
2015-01-13,228.07,100,40600,0.4375849519884246,83.07870341414419,488.6932310150598,18947.759887663866
2015-01-14,182.0,100,40700,0.5483516483516484,83.62705506249584,486.68460188612687,15220.124021374244
2015-01-15,209.81,100,40800,0.4756684619417568,84.1027235244376,485.1210316410837,17645.592422662252
2015-01-16,208.5,100,40900,0.47865707434052757,84.58138059877813,483.5579616986158,17635.21785484524
2015-01-17,201.24,100,41000,0.49592526336712384,85.07730586214525,481.9146490890793,17120.95703169811
2015-01-18,211.03,100,41100,0.4729185423873383,85.55022440453259,480.4195463667592,18053.66385608851
2015-01-19,216.2,100,41200,0.4616096207215541,86.01183402525415,479.00385414294465,18595.758516259946
2015-01-20,212.11,100,41300,0.47051058413087543,86.48234460938502,477.5541202836231,18343.770115096657
2015-01-21,228.08,100,41400,0.4375657663977552,86.91991037578278,476.30053713832035,19824.693158508537
2015-01-22,234.7,100,41500,0.42522368981678743,87.34513406559957,475.1266392107418,20499.902965196216
2015-01-23,233.12,100,41600,0.42810569663692516,87.77323976223649,473.94855325709375,20461.69765337257
2015-01-24,248.66,100,41700,0.4013512426606612,88.17459100489715,472.92535780159176,21925.493799277727
2015-01-25,254.73,100,41800,0.39178738271895736,88.56637838761611,471.9623943192051,22560.51356667745
2015-01-26,276.01,100,41900,0.36158110213398065,88.9279594897501,471.1679008538302,24545.006098765924
2015-01-27,265.09,100,42000,0.3764759138405825,89.30443540359067,470.3013888413352,23673.71278113785
2015-01-28,234.5,100,42100,0.4255863539445629,89.73002175753524,469.18522001210346,21041.690102142013
2015-01-29,233.01,100,42200,0.4283077979485859,90.15832955548383,468.0654600419358,21007.792369723287
2015-01-30,226.45,100,42300,0.4407153897107529,90.59904494519458,466.89233893787986,20516.15372783931
2015-01-31,215.8,100,42400,0.4624652455977757,91.06151019079235,465.6193369862129,19651.07389917299
2015-02-01,226.92,100,42500,0.43980257359421826,91.50131276438657,464.4742104349515,20763.4778924946
2015-02-02,238.99,100,42600,0.41759069417130423,91.91890345855788,463.45200385475044,21967.69873756075
2015-02-03,227.96,100,42700,0.4377961045797508,92.35669956313762,462.3378726392132,21053.633232412853
2015-02-04,227.8,100,42800,0.43810359964881473,92.79480316278644,461.2327257693253,21138.65616048275
2015-02-05,216.47,100,42900,0.46103386150505843,93.2558370242915,460.0248238490992,20187.091040648378
2015-02-06,222.65,100,43000,0.44823714349876487,93.70407416779025,458.8914663731962,20863.2121134585
2015-02-07,228.8,100,43100,0.43618881118881114,94.14026297897907,457.8274867324724,21539.29216959041
2015-02-08,223.85,100,43200,0.44583426401608217,94.58609724299515,456.72674165863526,21173.097867844463
2015-02-09,220.48,100,43300,0.45264876632801165,95.03874600932316,455.60365449005747,20954.14272013557
2015-02-10,220.87,100,43400,0.45184950423325937,95.49059551355643,454.49501876693887,21091.00783107921
2015-02-11,219.8,100,43500,0.45404913557779797,95.94464464913423,453.3864308849939,21088.632893879705
2015-02-12,222.39,100,43600,0.4487611853050947,96.39340583443932,452.3130977951465,21436.929523520957
2015-02-13,236.13,100,43700,0.42264854105789185,96.81605437549722,451.371420596333,22861.174919686156
2015-02-14,257.0,100,43800,0.38832684824902725,97.20438122374624,450.5969735991696,24981.525974502783
2015-02-15,235.88,100,43900,0.42309648974054603,97.62747771348678,449.6684850225872,23028.36944305726
2015-02-16,233.5,100,44000,0.42740899357601714,98.0548867070628,448.72827329298946,22895.816046099164
2015-02-17,244.0,100,44100,0.40901639344262297,98.46390310050543,447.87986877775546,24025.192356523326
2015-02-18,236.26,100,44200,0.4224159823922797,98.88631908289771,446.97790766128685,23362.881746525414
2015-02-19,240.0,100,44300,0.41583333333333333,99.30215241623105,446.11319011811383,23832.51657989545
2015-02-20,244.5,100,44400,0.4081799591002045,99.71033237533126,445.2898605619806,24379.176265768492
2015-02-21,245.54,100,44500,0.40645108739920177,100.11678346273047,444.4809197906922,24582.675011438838
2015-02-22,236.5,100,44600,0.42198731501057085,100.53877077774104,443.60995917282787,23777.419288935755
2015-02-23,239.4,100,44700,0.41687552213868,100.95564629987972,442.7686973269692,24168.781724191205
2015-02-24,239.73,100,44800,0.41630167271513785,101.37194797259485,441.9368562603862,24301.897087470163
2015-02-25,237.99,100,44900,0.41934535064498507,101.79129332323984,441.09862969732933,24225.30989799785
2015-02-26,236.93,100,45000,0.4212214578145444,102.21251478105438,440.2592001223414,24217.211127075214
2015-02-27,255.05,100,45100,0.391295824348167,102.60381060540254,439.5548248538957,26169.10189490792
2015-02-28,255.7,100,45200,0.3903011341415722,102.99411173954411,438.86004002154687,26335.594371801428
2015-03-01,262.4,100,45300,0.3803353658536585,103.37444710539776,438.2127427855876,27125.45492045637
2015-03-02,277.41,100,45400,0.35975631736419017,103.73420342276195,437.6569974222993,28776.905371508394
2015-03-03,283.75,100,45500,0.3517180616740088,104.08592148443596,437.13884981845166,29534.380221208703
2015-03-04,273.33,100,45600,0.36512640398053636,104.4510478884165,436.5681428942082,28549.60491934088
2015-03-05,277.69,100,45700,0.35939356836760417,104.8104414567841,436.025260124901,29104.81148813438
2015-03-06,273.36,100,45800,0.36508633304067895,105.17552778982478,435.4625164470144,28750.782276626505
2015-03-07,276.97,100,45900,0.3603278333393508,105.53585562316414,434.92327540219776,29230.265931947775
2015-03-08,275.59,100,46000,0.3621321528357343,105.89798777599988,434.3803028373045,29184.426451187803
2015-03-09,291.0,100,46100,0.3429553264604811,106.24094310246036,433.9193408283327,30916.114442815964
2015-03-10,292.62,100,46200,0.3410566605153441,106.58199976297571,433.469067035172,31188.024770641954
2015-03-11,296.6,100,46300,0.33648010788941335,106.91847987086513,433.0402008700516,31712.021129698598
2015-03-12,295.55,100,46400,0.3376755202165454,107.25615539108168,432.6092039269398,31699.55672583419
2015-03-13,283.18,100,46500,0.3524260187866375,107.60858140986832,432.1216708813121,30472.598083646513
2015-03-14,282.6,100,46600,0.3531493276716206,107.96173073753994,431.63442899305494,30509.98510642879
2015-03-15,286.9,100,46700,0.3478563959567794,108.30958713349672,431.17143399725114,31074.020548600205
2015-03-16,291.22,100,46800,0.34269624338987703,108.6522833768866,430.73185896759236,31641.71796501692
2015-03-17,285.25,100,46900,0.34986853637160387,109.0021519132582,430.26673489273963,31092.863833256903
2015-03-18,257.21,100,47000,0.38800979744177916,109.39016171069999,429.6547263939432,28136.24349360914
2015-03-19,261.98,100,47100,0.3809451103137644,109.77110682101375,429.0746569295185,28757.834564969184
2015-03-20,262.19,100,47200,0.3806399938975552,110.1517468149113,428.49978656544107,28880.686497401595
2015-03-21,260.47,100,47300,0.3831535301570238,110.53490034506832,427.9191445628363,28791.025492879948
2015-03-22,268.82,100,47400,0.37125213897775466,110.90615248404607,427.3883724062876,29813.791910761265
2015-03-23,267.23,100,47500,0.3734610635033492,111.27961354754943,426.85266856811467,29737.251128311636
2015-03-24,246.0,100,47600,0.4056910569105691,111.68530460446,426.1975214069404,27474.58493269716
2015-03-25,246.29,100,47700,0.40521336635673394,112.09051797081673,425.5489301282282,27606.773671032453
2015-03-26,249.33,100,47800,0.4002727309188625,112.49079070173559,424.9236733230866,28047.328845663735
2015-03-27,246.5,100,47900,0.404868154158215,112.8956588558938,424.28557913942626,27828.779907977823
2015-03-28,252.95,100,48000,0.3945443763589642,113.29020323225276,423.69065135841157,28656.756907598334
2015-03-29,242.74,100,48100,0.41113949081321577,113.70134272306598,423.0381000614359,27599.863932597036
2015-03-30,247.93,100,48200,0.40253297301657726,114.10387569608255,422.42211060719313,28289.773901329747
2015-03-31,244.51,100,48300,0.40816326530612246,114.51203896138868,421.78971257586164,27999.338646449145
2015-04-01,246.93,100,48400,0.4041631231523104,114.916202084541,421.1764670432923,28376.25778073571
2015-04-02,253.23,100,48500,0.39410812305019155,115.31031020759119,420.60419326499317,29200.029853868316
2015-04-03,254.24,100,48600,0.3925424795468848,115.70285268713808,420.04150175462826,29416.293267177985
2015-04-04,253.6,100,48700,0.39353312302839116,116.09638581016647,419.4790359764617,29442.043441458216
2015-04-05,260.5,100,48800,0.3831094049904031,116.47949521515687,418.95785957741606,30342.908503548366
2015-04-06,255.73,100,48900,0.3902553474367497,116.86975056259362,418.4145150015523,29887.101311372066
2015-04-07,253.7,100,49000,0.39337800551832874,117.26312856811195,417.86365926215666,29749.655717730002
2015-04-08,244.92,100,49100,0.4074799934672546,117.6706085615792,417.2664746125203,28819.885448901976
2015-04-09,243.58,100,49200,0.4097216520239757,118.08033021360318,416.6655014514181,28762.006833429463
2015-04-10,236.12,100,49300,0.4226664407928172,118.502996654396,416.02323478603074,27980.927570035983
2015-04-11,236.86,100,49400,0.42134594275099213,118.92434259714699,415.3901457108842,28168.419787560237
2015-04-12,236.38,100,49500,0.42220153989339204,119.34654413704038,414.7585534036187,28211.136103113604
2015-04-13,224.9,100,49600,0.44375277901289456,119.79029691605328,414.05690842187926,26940.837776420383
2015-04-14,220.16,100,49700,0.45330668604651164,120.2436036020998,413.32759923316286,26472.83176903829
2015-04-15,223.98,100,49800,0.4455754978123047,120.6891790999121,412.6301990899553,27031.96233479831
2015-04-16,228.14,100,49900,0.4374506881739283,121.12662978808602,411.9655610603652,27633.829319853943
2015-04-17,222.4,100,50000,0.4487410071942446,121.57537079528026,411.26750980011053,27038.36246487033
2015-04-18,223.08,100,50100,0.447373139680832,122.0227439349611,410.5791951925259,27220.833717011123
2015-04-19,222.16,100,50200,0.4492257832193014,122.4719697181804,409.8897087677691,27208.37279259096
2015-04-20,224.21,100,50300,0.44511841577092903,122.91708813395134,409.2189358178138,27559.240330513232
2015-04-21,236.96,100,50400,0.4211681296421336,123.33825626359348,408.63233782296373,29226.233204221113
2015-04-22,234.14,100,50500,0.4262407106859144,123.7644969742794,408.0330081290991,28978.219321557775
2015-04-23,236.01,100,50600,0.4228634379899157,124.18736041226931,407.4488726712713,29309.45893089968
2015-04-24,231.38,100,50700,0.43132509292073645,124.61868550519004,406.8410751924396,28834.27145219087
2015-04-25,226.01,100,50800,0.44157338170877397,125.06025888689882,406.2041807057362,28264.869111028
2015-04-26,219.7,100,50900,0.4542558033682294,125.51451469026705,405.53078761931437,27575.53887745167
2015-04-27,226.91,100,51000,0.43982195584152306,125.95433664610857,404.9086467208644,28580.298528368498
2015-04-28,225.3,100,51100,0.442964935641367,126.39730158174994,404.280782584192,28477.312046368264
2015-04-29,225.23,100,51200,0.44310260622474806,126.84040418797468,403.6568657107299,28568.26423525754
2015-04-30,236.11,100,51300,0.4226843420439625,127.26308853001865,403.1019566832171,30048.087832822705
2015-05-01,231.78,100,51400,0.4305807230994909,127.69366925311814,402.5258284192101,29596.838659487723
2015-05-02,234.81,100,51500,0.42502448788382097,128.11869374100198,401.97100435717596,30083.550477324676
2015-05-03,240.57,100,51600,0.4148480691690568,128.53354181017104,401.45163101633926,30921.314153272848
2015-05-04,238.54,100,51700,0.4183784690198709,128.95192027919092,400.92462282116844,30760.1910633982
2015-05-05,235.87,100,51800,0.4231144274388434,129.37503470662975,400.38636602078174,30515.68943625276
2015-05-06,229.27,100,51900,0.43529463078466435,129.8103293374144,399.81410004050576,29761.614207189003
2015-05-07,237.3,100,52000,0.4205646860514117,130.23089402346582,399.2908164373832,30903.79115176844
2015-05-08,244.5,100,52100,0.4081799591002045,130.63907398256603,398.80870563238085,31941.253588737396
2015-05-09,242.54,100,52200,0.4114785190071741,131.0505525015732,398.3195721313221,31785.001003731566
2015-05-10,240.73,100,52300,0.41457234245835584,131.46512484403155,397.82413824235147,31647.599503703714
2015-05-11,242.46,100,52400,0.4116142868926833,131.87673913092422,397.34073154461663,31974.834169683887
2015-05-12,241.92,100,52500,0.4125330687830688,132.28927219970728,396.857576786307,32003.420730553185
2015-05-13,235.7,100,52600,0.4234196011879508,132.71269180089524,396.3449108463127,31280.38145747101
2015-05-14,236.7,100,52700,0.4216307562315167,133.13432255712675,395.8408244229199,31512.8941492719
2015-05-15,237.3,100,52800,0.4205646860514117,133.55488724317817,395.3430764675889,31692.57474280618
2015-05-16,235.7,100,52900,0.4234196011879508,133.97830684436613,394.84003974949826,31578.686923217094
2015-05-17,236.15,100,53000,0.42261274613593053,134.40091959050207,394.3425399281676,31738.777161297065
2015-05-18,232.82,100,53100,0.42865733184434324,134.8295769223464,393.8305022686703,31391.02209906069
2015-05-19,231.7,100,53200,0.430729391454467,135.26030631380087,393.31568476990725,31339.81297290766
2015-05-20,234.24,100,53300,0.4260587431693989,135.68636505697026,392.8176569371659,31783.174150944717
2015-05-21,235.27,100,53400,0.4241934798316827,136.11055853680193,392.32812335834745,32022.731106953393
2015-05-22,240.97,100,53500,0.4141594389343072,136.52471797573625,391.87043044841334,32898.36129061317
2015-05-23,238.81,100,53600,0.4179054478455676,136.9426234235818,391.4047990318401,32703.267899785573
2015-05-24,240.96,100,53700,0.4141766268260292,137.35680005040783,390.9526137788077,33097.49454014627
2015-05-25,237.1,100,53800,0.4209194432728806,137.7777194936807,390.484036154101,32667.097291951693
2015-05-26,237.36,100,53900,0.42045837546343107,138.19817786914413,390.0196140866369,32802.71949902005
2015-05-27,236.48,100,54000,0.42202300405953996,138.6202008732037,389.5536123872304,32780.905102495206
2015-05-28,236.86,100,54100,0.42134594275099213,139.0415468159547,389.0923341899427,32933.38077882703
2015-05-29,236.52,100,54200,0.4219516319972941,139.463498447952,388.6321553895877,32985.90665290961
2015-05-30,232.54,100,54300,0.4291734755310914,139.89267192348308,388.1547135628405,32530.641929086752
2015-05-31,228.7,100,54400,0.43637953651071276,140.3290514599938,387.6602844102372,32093.25406890058
2015-06-01,222.0,100,54500,0.44954954954954957,140.77860100954334,387.1327006318628,31252.84942411862
2015-06-02,224.68,100,54600,0.4441872885882143,141.22278829813155,386.62315521440803,31729.936074824196
2015-06-03,225.14,100,54700,0.44327973705250073,141.66606803518405,386.1192786575735,31894.698557441337
2015-06-04,223.24,100,54800,0.44705249955205156,142.1131205347361,385.6083083236883,31725.33302817449
2015-06-05,224.51,100,54900,0.444523629237005,142.55764416397312,385.10737408688334,32005.616691253603
2015-06-06,225.66,100,55000,0.4422582646459275,142.99990242861904,384.61564704531344,32269.357982042173
2015-06-07,223.26,100,55100,0.44701245184986116,143.4469148804689,384.1142212498163,32025.958216213487
2015-06-08,228.76,100,55200,0.43626508130792097,143.88317996177682,383.6445650885956,32914.716248056066
2015-06-09,229.06,100,55300,0.4356937047061905,144.318873666483,383.17926543548833,33057.681202044594
2015-06-10,228.6,100,55400,0.43657042869641294,144.7554440951794,382.714448815987,33091.09452015801
2015-06-11,230.0,100,55500,0.4339130434782609,145.18935713865767,382.259423788183,33393.55214189126
2015-06-12,229.55,100,55600,0.43476366804617733,145.62412080670384,381.80488020800766,33428.01693117887
2015-06-13,232.87,100,55700,0.4285652939408254,146.05268610064468,381.3692270035843,34011.289012257126
2015-06-14,233.54,100,55800,0.42733578830178987,146.48002188894648,380.93932046449754,34208.94431194456
2015-06-15,236.98,100,55900,0.4211325850282725,146.90115447397474,380.5279829159092,34812.635587242534
2015-06-16,252.17,100,56000,0.3957647618669945,147.29691923584173,380.18446204116896,37143.86412370221
2015-06-17,248.95,100,56100,0.4008837115886725,147.6978029474304,379.82961750600646,36769.3680437628
2015-06-18,249.51,100,56200,0.39998396857841373,148.09778691600883,379.47899945238805,36951.878813413365
2015-06-19,244.56,100,56300,0.4080798168138698,148.5058667328227,379.1096017862343,36318.59476817912
2015-06-20,245.38,100,56400,0.4067161137827044,148.9125828466054,378.74569711880923,36540.16957890003
2015-06-21,244.25,100,56500,0.40859774820880246,149.3211805948142,378.37900674863937,36471.698360283364
2015-06-22,246.67,100,56600,0.4045891271739571,149.72576972198814,378.0244383120907,36932.85561732281
2015-06-23,244.25,100,56700,0.40859774820880246,150.13436747019693,377.6616970212065,36670.319254595604
2015-06-24,239.8,100,56800,0.41618015012510423,150.55054762032205,377.2819222368133,36102.02131935323
2015-06-25,242.05,100,56900,0.4123115058872134,150.96285912620925,376.913900076773,36540.56005149895
2015-06-26,243.29,100,57000,0.41021003740392126,151.37306916361317,376.55311023912026,36827.55399681545
2015-06-27,251.61,100,57100,0.3966456023210524,151.76971476593422,376.2278929499345,38186.777932256715
2015-06-28,248.71,100,57200,0.40127055606931766,152.17098532200353,375.892946207591,37846.4457594355
2015-06-29,256.69,100,57300,0.3887958237562819,152.5597811457598,375.5904706316667,39160.57022230508
2015-06-30,263.07,100,57400,0.37936670848063253,152.93914785424045,375.31267046620013,40233.701626015034
2015-07-01,258.1,100,57500,0.3866718326230143,153.32581968686347,375.01837666631724,39573.39406117947
2015-07-02,254.52,100,57600,0.39211063963539206,153.71793032649887,374.71230504897414,39124.2876267005
2015-07-03,256.09,100,57700,0.38970674372291,154.10763707022178,374.41363125766446,39465.42477731309
2015-07-04,260.58,100,57800,0.3829917875508482,154.49062885777263,374.1327252490629,40257.16806775839
2015-07-05,271.96,100,57900,0.3669657302544492,154.85759458802707,373.89189825680387,42115.07142415984
2015-07-06,269.23,100,58000,0.3706867733907811,155.22828136141786,373.64325296470076,41792.11019093453
2015-07-07,265.72,100,58100,0.37558332078880025,155.60386468220665,373.3840423479132,41347.05892335595
2015-07-08,270.52,100,58200,0.36891911873428956,155.97278380094093,373.1420224843669,42193.75747383054
2015-07-09,269.23,100,58300,0.3706867733907811,156.34347057433172,372.8969287034084,42092.35258272733
2015-07-10,285.36,100,58400,0.3497336697504906,156.6932042440822,372.70282576537187,44713.972763091304
2015-07-11,293.18,100,58500,0.34040521181526706,157.03360945589748,372.53171599822133,46039.113620280026
2015-07-12,311.15,100,58600,0.3207456210830789,157.35435507698057,372.40786866897855,48960.8075822025
2015-07-13,292.65,100,58700,0.3410216982743892,157.69537677525497,372.2366577915492,46149.552013278364
2015-07-14,286.83,100,58800,0.34794128926541856,158.04331806452038,372.04989568742917,45331.56492044638
2015-07-15,285.42,100,58900,0.34966014995445305,158.39297821447482,371.85991869062156,45208.52384197541
2015-07-16,278.94,100,59000,0.35778303577830356,158.75076125025313,371.65176113387565,44281.93734314561
2015-07-17,279.82,100,59100,0.3566578514759488,159.10741910172908,371.4471665347863,44521.43801304583
2015-07-18,277.25,100,59200,0.3599639314697926,159.46738303319887,371.2357905044155,44212.331945954385
2015-07-19,275.04,100,59300,0.36285631180919137,159.83023934500807,371.01865230893867,43959.70902945102
2015-07-20,280.2,100,59400,0.3561741613133476,160.1864135063214,370.8179657674645,44884.23306447126
2015-07-21,275.55,100,59500,0.3621847214661586,160.54859822778755,370.604294629723,44239.16624166686
2015-07-22,277.99,100,59600,0.3590057196302025,160.90760394741775,370.3989030840109,44730.70482134266
2015-07-23,276.51,100,59700,0.36092727206972625,161.26853121948747,370.1900150547532,44592.36156750048
2015-07-24,288.6,100,59800,0.34580734580734573,161.61433856529482,370.01667383516116,46641.898109944086
2015-07-25,289.37,100,59900,0.34488716867678054,161.9592257339716,369.8461741129189,46866.14115063936
2015-07-26,293.01,100,60000,0.3406027098051261,162.29982844377673,369.68615786790537,47555.47273231102
2015-07-27,294.84,100,60100,0.3384886718220052,162.63831711559874,369.5316150946312,47952.28141836313
2015-07-28,295.23,100,60200,0.33804152694509365,162.97635864254383,369.37872769655326,48115.510362038214
2015-07-29,289.92,100,60300,0.34423289183222955,163.32059153437606,369.21247610903936,47349.90589764631
2015-07-30,288.21,100,60400,0.3462752853821866,163.66686681975824,369.0423185440266,47170.42768612252
2015-07-31,284.45,100,60500,0.35085252241167164,164.01771934216993,368.8625853514419,46654.84026688023
2015-08-01,280.31,100,60600,0.3560343904962363,164.37375373266616,368.67199673835097,46075.60690880365
2015-08-02,282.44,100,60700,0.35334938393995186,164.72710311660612,368.4882381318393,46525.52300425423
2015-08-03,281.28,100,60800,0.354806598407281,165.0819097150134,368.30201507216105,46434.23956463897
2015-08-04,285.47,100,60900,0.349598907065541,165.43150862207895,368.12817888956926,47225.73276634488
2015-08-05,282.41,100,61000,0.35338691972663855,165.78489554180558,367.9466684865617,46819.31234996132
2015-08-06,279.08,100,61100,0.3576035545363337,166.1424990963419,367.75659648991814,46367.048647807096
2015-08-07,280.19,100,61200,0.3561868731931903,166.4986859695351,367.57046846122256,46651.26682180404
2015-08-08,261.34,100,61300,0.38187801331598686,166.8805639828511,367.32857642007536,43612.5665912783
2015-08-09,265.58,100,61400,0.37578130883349653,167.2563452916846,367.1011697219752,44419.940182565595
2015-08-10,265.1,100,61500,0.37646171256129757,167.6328070042459,366.8732934743632,44439.45713682559
2015-08-11,271.96,100,61600,0.3669657302544492,167.99977273450034,366.66716268330913,45689.21819287471
2015-08-12,267.09,100,61700,0.3736568197985698,168.37342955429892,366.447367398324,44970.85929965769
2015-08-13,264.47,100,61800,0.3773584905660377,168.75078804486495,366.22051201070263,44629.52091422544
2015-08-14,266.09,100,61900,0.37506106956292984,169.12584911442787,365.9996406470039,45002.6971908581
2015-08-15,262.2,100,62000,0.38062547673531655,169.50647459116317,365.7677392532605,44444.59763780298
2015-08-16,259.9,100,62100,0.3839938437860716,169.89046843494924,365.52962960236925,44154.532746243305
2015-08-17,258.49,100,62200,0.38608843669000736,170.27655687163926,365.2881003865297,44014.787185750036
2015-08-18,214.0,100,62300,0.4663551401869159,170.74291201182618,364.8760540975482,36538.9831705308
2015-08-19,226.32,100,62400,0.4409685401201838,171.18388055194637,364.52030295612144,38742.3358465165
2015-08-20,235.54,100,62500,0.4237072259488834,171.60758777789525,364.20300995601207,40420.45122520545
2015-08-21,232.17,100,62600,0.4298574320540983,172.03744520994934,363.87427122975953,39941.933654393935
2015-08-22,230.27,100,62700,0.43340426455899594,172.47084947450833,363.5396949167763,39714.86250849503
2015-08-23,228.53,100,62800,0.43670415262766377,172.907553627136,363.19986422006843,39514.56323040939
2015-08-24,210.5,100,62900,0.4741092636579572,173.38166289079396,362.7834625142461,36496.84003851213
2015-08-25,222.68,100,63000,0.44817675588288125,173.82983964667685,362.4233913351849,38708.428692522
2015-08-26,226.12,100,63100,0.4413585706704405,174.2711982173473,362.07933752370855,39406.20334090657
2015-08-27,225.76,100,63200,0.44206236711552094,174.7132605844628,361.7355648253545,39443.26570954832
2015-08-28,231.83,100,63300,0.4304878574817754,175.14374844194458,361.41741034497863,40603.575201296015
2015-08-29,230.75,100,63400,0.4325027085590466,175.57625115050362,361.09667215558466,40514.21995297871
2015-08-30,229.99,100,63500,0.4339319100830471,176.01018306058668,360.7745807419669,40480.58200210433
2015-08-31,231.35,100,63600,0.4313810244218716,176.44156408500857,360.4592848052394,40819.75585106673
2015-09-01,228.24,100,63700,0.4372590255871013,176.87882311059568,360.13355855590913,40370.822586762355
2015-09-02,229.71,100,63800,0.43446084193113055,177.3132839525268,359.8151169377787,40730.63445673493
2015-09-03,227.25,100,63900,0.43916391639163915,177.75244786891844,359.4887202179198,40394.24377821171
2015-09-04,230.89,100,64000,0.4322404608255014,178.18468832974395,359.17788784164924,41141.06268845458
2015-09-05,235.84,100,64100,0.423168249660787,178.60785657940474,358.88678822760903,42122.876895686815
2015-09-06,240.97,100,64200,0.4141594389343072,179.02201601833906,358.6151101852374,43138.935199939166
2015-09-07,240.85,100,64300,0.4143657878347519,179.4363818061738,358.3442741810103,43217.25255801696
2015-09-08,244.2,100,64400,0.4086814086814087,179.84506321485523,358.08600385690517,43918.164437067644
2015-09-09,239.07,100,64500,0.41745095578700797,180.26251417064225,357.8114967316069,43095.35926277544
2015-09-10,239.49,100,64600,0.41671886091277294,180.67923303155501,357.5397067836669,43270.869518727115
2015-09-11,240.6,100,64700,0.4147963424771405,181.09402937403215,357.2729604815873,43571.223467392134
2015-09-12,235.77,100,64800,0.42329388811129487,181.51732326214344,356.9907204196551,42796.33930551556
2015-09-13,230.96,100,64900,0.4321094561828888,181.94943271832634,356.6925108278347,42023.04098062465
2015-09-14,230.89,100,65000,0.4322404608255014,182.38167317915185,356.39545830984395,42110.10452033437
2015-09-15,230.93,100,65100,0.4321655913047244,182.81383877045658,356.0999563153444,42217.19978726154
2015-09-16,228.99,100,65200,0.43582689200401764,183.24966566246061,355.7987391916779,41962.34094004686
2015-09-17,233.61,100,65300,0.4272077393947176,183.67687340185535,355.51563346319676,42908.75439540743
2015-09-18,228.34,100,65400,0.43706753087501093,184.11394093273034,355.21481789309576,42040.57727257965
2015-09-19,232.09,100,65500,0.4300056012753673,184.5439465340057,354.92900867344565,42830.80455107738
2015-09-20,232.12,100,65600,0.42995002584869896,184.9738965598544,354.6446348378294,42936.140869473405
2015-09-21,227.22,100,65700,0.4392218994806795,185.4131184593351,354.3438595171968,42129.56877633012
2015-09-22,231.11,100,65800,0.43182899917788065,185.84494745851296,354.05858969982944,42950.62580713693
2015-09-23,230.54,100,65900,0.43289667736618376,186.27784413587915,353.77261480398965,42944.49418708558
2015-09-24,234.65,100,66000,0.4253142978904752,186.70315843376963,353.5023218335784,43809.89612648405
2015-09-25,235.26,100,66100,0.424211510669047,187.12736994443867,353.2353392217623,44023.58505312864
2015-09-26,234.63,100,66200,0.4253505519328304,187.5527204963715,352.96742070601283,44005.49481006365
2015-09-27,233.37,100,66300,0.42764708402965246,187.98036758040115,352.6964057650478,43868.978382238216
2015-09-28,240.43,100,66400,0.41508963107765257,188.3954572114788,352.4501120293165,45295.91977735585
2015-09-29,236.8,100,66500,0.4214527027027027,188.8169099141815,352.1930320235866,44711.844267678185
2015-09-30,236.49,100,66600,0.4220051587804981,189.23891507296202,351.93606967320665,44753.11102560479
2015-10-01,238.48,100,66700,0.4184837302918484,189.65739880325387,351.6867805889978,45229.49646659998
2015-10-02,237.86,100,66800,0.4195745396451694,190.07697334289904,351.43657238003647,45211.70887934197
2015-10-03,239.79,100,66900,0.41619750615121565,190.49317084905024,351.19369215084674,45678.357437893756
2015-10-04,239.5,100,67000,0.41670146137787056,190.9098723104281,350.95094449099497,45722.91441834754
2015-10-05,242.0,100,67100,0.41239669421487607,191.32226900464298,350.7171452078672,46299.9890991236
2015-10-06,247.36,100,67200,0.4034605433376455,191.72572954798062,350.50068740608316,47425.27646098849
2015-10-07,244.0,100,67300,0.40901639344262297,192.13474594142323,350.2750097086447,46880.87800970727
2015-10-08,243.0,100,67400,0.41069958847736626,192.5454455299006,350.04723074342144,46788.543263765845
2015-10-09,244.82,100,67500,0.4076464341148599,192.95309196401547,349.825956728324,47238.77597463027
2015-10-10,246.01,100,67600,0.4056745660745498,193.35876653009,349.60918097023676,47568.190154067444
2015-10-11,247.99,100,67700,0.4024355820799226,193.76120211216994,349.39915350446637,48050.840511797025
2015-10-12,246.17,100,67800,0.4054108949100215,194.16661300707997,349.1846458563285,47797.995123952875
2015-10-13,251.25,100,67900,0.39721393034825875,194.56382693742825,348.98573423844425,48884.16151802885
2015-10-14,253.5,100,68000,0.3936883629191322,194.95751530034738,348.79394054258773,49421.73012863806
2015-10-15,255.19,100,68100,0.39108115521768094,195.34859645556506,348.6075724915196,49851.00832949565
2015-10-16,263.45,100,68200,0.3788195103435187,195.7274159659086,348.44377658303597,51564.38773621862
2015-10-17,272.9,100,68300,0.36570172224257974,196.09311768815118,348.3039119639995,53513.81181709645
2015-10-18,265.01,100,68400,0.3765895626580129,196.4697072508092,348.1452736766282,52066.437118536945
2015-10-19,265.1,100,68500,0.37646171256129757,196.8461689633705,347.9874683908459,52183.91939218953
2015-10-20,270.97,100,68600,0.36830645458906885,197.21447541795956,347.84464910405285,53439.20640400451
2015-10-21,267.8,100,68700,0.3726661687826736,197.58714158674223,347.6946902935998,52913.83651692957
2015-10-22,275.83,100,68800,0.3618170612333684,197.94895864797562,347.56434421234377,54600.261263871114
2015-10-23,279.21,100,68900,0.35743705454675695,198.30639570252237,347.4421475712577,55369.12874410127
2015-10-24,284.19,100,69000,0.35117351067947505,198.65756921320184,347.33134142977616,56456.49459469983
2015-10-25,284.79,100,69100,0.3504336528670248,199.00800286606886,347.2222172216052,56675.489136227756
2015-10-26,287.22,100,69200,0.3474688392173247,199.3554717052862,347.118638922039,57258.87858319231
2015-10-27,295.29,100,69300,0.3379728402587287,199.6934445455449,347.0319226437824,58967.47723985396
2015-10-28,304.5,100,69400,0.3277504105090312,200.02119495605393,346.96323064787043,60906.45386411842
2015-10-29,314.88,100,69500,0.3169461382113821,200.33814109426532,346.91347149566536,63082.473867762266
2015-10-30,328.19,100,69600,0.30409214174715865,200.6422332360125,346.88609111587465,65848.77452572694
2015-10-31,316.0,100,69700,0.3158227848101266,200.95805602082262,346.8385462127376,63502.74570257995
2015-11-01,330.23,100,69800,0.3022136086969687,201.2602696295196,346.8146004598325,66462.17883975626
2015-11-02,365.33,100,69900,0.2731776749787863,201.5334473044984,346.84069039114667,73626.2143037524
2015-11-03,405.0,100,70000,0.24641975308641975,201.77986705758482,346.91270750031316,81720.84615832186
2015-11-04,409.24,100,70100,0.24386667969895415,202.02373373728378,346.9889339396114,82676.19279464602
2015-11-05,387.14,100,70200,0.25778788035336053,202.28152161763714,347.0410912406306,78311.26827905203
2015-11-06,375.56,100,70300,0.2657365001597614,202.5472581177969,347.07949469804777,76068.64825871981
2015-11-07,384.99,100,70400,0.2592275124029195,202.80648563019983,347.12893811674417,78078.46890277063
2015-11-08,374.1,100,70500,0.2667735899492114,203.07325922014905,347.1653543688481,75969.70627425777
2015-11-09,381.1,100,70600,0.2618735240094463,203.3351327441585,347.21004209749987,77491.01908879881
2015-11-10,340.18,100,70700,0.29337409606678816,203.6285068402253,347.20089587198083,69270.34545690785
2015-11-11,314.45,100,70800,0.3173795515980283,203.94588639182334,347.1509097466088,64130.783975908846
2015-11-12,336.84,100,70900,0.29628310176938605,204.2421694935927,347.1369314955509,68796.93237222177
2015-11-13,338.53,100,71000,0.2948040055534222,204.53697349914614,347.12550393876046,69241.90163866594
2015-11-14,333.37,100,71100,0.2993670696223415,204.8363405687685,347.1063767424122,68286.29085541035
2015-11-15,320.52,100,71200,0.31136902533383254,205.14770959410234,347.0669993872887,65753.94387910167
2015-11-16,332.1,100,71300,0.30051189400782896,205.44822148811016,347.0460804360203,68229.3543562014
2015-11-17,336.29,100,71400,0.29676767076035565,205.7449891588705,347.0315378853136,69189.98240423657
2015-11-18,335.94,100,71500,0.29707685896291003,206.0420660178334,347.0165164904312,69217.77165803095
2015-11-19,326.5,100,71600,0.30566615620214393,206.34773217403554,346.9870942880628,67372.5345548226
2015-11-20,322.2,100,71700,0.3097454996896338,206.65747767372517,346.9509103038669,66585.03930647425
2015-11-21,327.84,100,71800,0.3044167886774036,206.96189446240257,346.92376674703974,67850.38748055405
2015-11-22,324.66,100,71900,0.30739850920963463,207.2692929716122,346.89171255988936,67292.04865616362
2015-11-23,323.63,100,72000,0.30837685010660326,207.5776698217188,346.85811851456987,67178.36128440285
2015-11-24,320.1,100,72100,0.31177756950952823,207.88944739122834,346.8189506719627,66545.4121099322
2015-11-25,329.85,100,72200,0.30256177050174315,208.19200916173008,346.7952506472656,68672.13422199668
2015-11-26,354.0,100,72300,0.28192090395480224,208.4739300656849,346.8059530379654,73799.77124325246
2015-11-27,358.9,100,72400,0.278071886319309,208.7520019520042,346.82302120698245,74921.09350057431
2015-11-28,358.6,100,72500,0.27830451756832125,209.03030646957254,346.83965796392044,74958.26789998871
2015-11-29,373.89,100,72600,0.26692342667629515,209.29722989624884,346.8751117059155,78254.14128590848
2015-11-30,376.88,100,72700,0.26480577372107833,209.5620356699699,346.9139807101896,78979.74000329826
2015-12-01,362.59,100,72800,0.27524200888055383,209.83727767885046,346.9354959485234,76084.89851357439
2015-12-02,359.12,100,72900,0.27790153709066606,210.1151792159411,346.9525632180942,75456.56316002877
2015-12-03,360.53,100,73000,0.276814689484925,210.39199390542603,346.9713777835789,75852.62556272325
2015-12-04,363.17,100,73100,0.27480243412176114,210.6667963395478,346.9934572991708,76507.86042663358
2015-12-05,389.79,100,73200,0.2560353010595449,210.92283164060734,347.0463554402015,82215.61054519234
2015-12-06,390.6,100,73300,0.25550435227854584,211.17833599288588,347.09999799633476,82486.25803882122
2015-12-07,396.7,100,73400,0.2515754978573229,211.4299114907432,347.15996181653605,83874.24588837782
2015-12-08,422.0,100,73500,0.23649289099526066,211.66640438173846,347.24452477325315,89323.22264909363
2015-12-09,418.73,100,73600,0.23833974159959878,211.90474412333805,347.32587184155494,88730.87350676535
2015-12-10,414.94,100,73700,0.24051670120981347,212.14526082454788,347.4034711572118,88027.55452653789
2015-12-11,457.0,100,73800,0.21838074398249452,212.36364156853037,347.5171147702538,97050.18419681837
2015-12-12,435.61,100,73900,0.22910401505934208,212.5927455835897,347.6129902604938,92607.52590366751
2015-12-13,433.36,100,74000,0.23029352039874468,212.82303910398844,347.70671592487935,92228.99222610443
2015-12-14,442.59,100,74100,0.22549086061591994,213.04852996460434,347.8080792780448,94293.14887703423
2015-12-15,466.01,100,74200,0.21415849445290874,213.26268845905724,347.927715514311,99382.54544880526
2015-12-16,454.94,100,74300,0.21936958719831187,213.48205804625556,348.0386158910894,97121.52748756351
2015-12-17,455.57,100,74400,0.2190662247294598,213.70112427098502,348.1497828044022,97355.82118413264
2015-12-18,463.52,100,74500,0.21530894028305142,213.91643321126807,348.2668389782955,99154.54512208697
2015-12-19,462.44,100,74600,0.21581178098780382,214.13224499225586,348.3828416532873,99023.3153742188
2015-12-20,442.62,100,74700,0.22547557724458903,214.35772056950046,348.48289952672957,94879.0142784723
2015-12-21,437.52,100,74800,0.22810385810934358,214.5858244276098,348.5784776302112,93885.58990356783
2015-12-22,435.65,100,74900,0.22908297945598532,214.8149074070658,348.6722635038892,93584.11441188821
2015-12-23,442.62,100,75000,0.22547557724458903,215.04038298431038,348.77170026930287,95181.17431651546
2015-12-24,456.13,100,75100,0.2187972727073422,215.25918025701773,348.8817522687358,98186.1698906335
2015-12-25,455.47,100,75200,0.21911432147012974,215.47829457848786,348.9910672771193,98143.89883166387
2015-12-26,416.51,100,75300,0.23961009339511657,215.717904671883,349.0669915162342,89848.66447488598
2015-12-27,422.32,100,75400,0.2363136957757151,215.9542183676587,349.1480767077801,91201.78550102962
2015-12-28,420.24,100,75500,0.23748334285170378,216.19170171051042,349.2270952244856,90852.4007268249
2015-12-29,431.79,100,75600,0.23113087380439565,216.42283258431482,349.31619320039846,93449.2148815813
2015-12-30,423.55,100,75700,0.23562743477747608,216.6584600190923,349.3978494692946,91765.69074108655
2015-12-31,429.02,100,75800,0.23262318773017576,216.8910832068225,349.48416910122035,93050.61251739098
