candle_end_time,open,close,high,low,volume
2017-05-19 08:00:00,0.37999,0.32498,0.37999,0.25,2130933.0088796103
2017-05-20 08:00:00,0.32499,0.34716,0.37199,0.2911,3608873.1289023543
2017-05-21 08:00:00,0.347,0.328,0.36998,0.32102,2597806.7755010473
2017-05-22 08:00:00,0.327,0.29717,0.3358,0.25,6474949.239428466
2017-05-23 08:00:00,0.29912,0.32158,0.34991,0.28063,3255225.478139081
2017-05-24 08:00:00,0.32,0.2886,0.33304,0.2819,4288168.025369318
2017-05-25 08:00:00,0.2886,0.2382,0.29245,0.22899,8004757.920914679
2017-05-26 08:00:00,0.2382,0.259,0.32126,0.23609,6493159.0548232
2017-05-27 08:00:00,0.25881,0.20142,0.272,0.1445,9369145.62064255
2017-05-28 08:00:00,0.20191,0.21631,0.23438,0.19,5838709.807428633
2017-05-29 08:00:00,0.21628,0.22499,0.23795,0.20194,3998030.9890366714
2017-05-30 08:00:00,0.22405,0.19823,0.23128,0.19305,3942879.5772489696
2017-05-31 08:00:00,0.19762,0.23757,0.244,0.17869,6349241.61520095
2017-06-01 08:00:00,0.236,0.32048,0.3291,0.23387,16032858.704375237
2017-06-02 08:00:00,0.32406,0.28406,0.32437,0.26394,6283984.71865451
2017-06-03 08:00:00,0.28397,0.28057,0.295,0.26016,3199897.026969857
2017-06-04 08:00:00,0.28379,0.28842,0.30249,0.26015,4488245.919630077
2017-06-05 08:00:00,0.28842,0.28304,0.29286,0.27849,1975113.3783121493
2017-06-06 08:00:00,0.2846,0.28112,0.28988,0.26933,6718638.420165138
2017-06-07 08:00:00,0.28011,0.2701,0.29849,0.26839,3658666.44321134
2017-06-08 08:00:00,0.27009,0.28249,0.29576,0.26482,2288428.19619042
2017-06-09 08:00:00,0.28426,0.28032,0.2945,0.2793,2379963.7788527375
2017-06-10 08:00:00,0.28036,0.251,0.2837,0.25051,5036157.2162649715
2017-06-11 08:00:00,0.251,0.26812,0.27189,0.24987,4243778.504492655
2017-06-12 08:00:00,0.27,0.23705,0.2826,0.22001,9026799.170415351
2017-06-13 08:00:00,0.23986,0.2597,0.27544,0.23406,3645353.140511035
2017-06-14 08:00:00,0.26,0.25418,0.29554,0.24249,7789503.937821612
2017-06-15 08:00:00,0.25585,0.24095,0.26097,0.20347,3947695.9223126546
2017-06-16 08:00:00,0.2385,0.24599,0.25024,0.22514,2175500.3145679063
2017-06-17 08:00:00,0.24601,0.257,0.26195,0.23475,3964957.7592832013
2017-06-18 08:00:00,0.257,0.26308,0.27637,0.24347,3994007.113991719
2017-06-19 08:00:00,0.264,0.28066,0.28067,0.25806,2812101.6365253283
2017-06-20 08:00:00,0.28066,0.301,0.3237,0.275,8805323.890543638
2017-06-21 08:00:00,0.29983,0.2691,0.30863,0.25201,4723583.148779244
2017-06-22 08:00:00,0.2691,0.2753,0.28067,0.25823,2745498.272218566
2017-06-23 08:00:00,0.2758,0.291,0.29474,0.27408,2893659.5564424032
2017-06-24 08:00:00,0.29071,0.26901,0.2998,0.2612,4036331.6089886585
2017-06-25 08:00:00,0.26968,0.255,0.27675,0.24596,2677183.8479693383
2017-06-26 08:00:00,0.2557,0.24201,0.26195,0.219,7477974.246673044
2017-06-27 08:00:00,0.24201,0.25794,0.25794,0.216,4938016.267551568
2017-06-28 08:00:00,0.25794,0.263,0.26645,0.24379,3326949.0260547604
2017-06-29 08:00:00,0.26297,0.25019,0.2645,0.242,2075640.7569198327
2017-06-30 08:00:00,0.24998,0.24216,0.2581,0.2413,2119465.4818929033
2017-07-01 08:00:00,0.2438,0.23252,0.2451,0.2259,1672767.3049487562
2017-07-02 08:00:00,0.23221,0.24662,0.24868,0.22901,1351885.0121938102
2017-07-03 08:00:00,0.24662,0.25064,0.2561,0.24086,3120909.588997482
2017-07-04 08:00:00,0.2502,0.246,0.25653,0.24453,1689291.7448466201
2017-07-05 08:00:00,0.246,0.24891,0.25515,0.2422,2147110.943806174
2017-07-06 08:00:00,0.25,0.24857,0.25168,0.2463,1579769.7406626712
2017-07-07 08:00:00,0.24857,0.22741,0.2509,0.22648,3397497.137226808
2017-07-08 08:00:00,0.22741,0.23,0.23212,0.209,3768598.196362479
2017-07-09 08:00:00,0.23,0.22401,0.24255,0.2237,1256072.7536126736
2017-07-10 08:00:00,0.22383,0.18556,0.22497,0.17631,6290978.220504593
2017-07-11 08:00:00,0.186,0.17492,0.1964,0.148,14101812.08984972
2017-07-12 08:00:00,0.17319,0.19456,0.19604,0.16102,7330791.006750871
2017-07-13 08:00:00,0.1962,0.1892,0.21718,0.1785,3735659.13007711
2017-07-14 08:00:00,0.19026,0.18248,0.192,0.17254,3260932.64926939
2017-07-15 08:00:00,0.1837,0.17255,0.18397,0.17167,3785017.2902421
2017-07-16 08:00:00,0.1724,0.14707,0.1744,0.129,13767657.49769105
2017-07-17 08:00:00,0.14873,0.17208,0.17302,0.14337,8257615.02389398
2017-07-18 08:00:00,0.173,0.17816,0.1853,0.16,3827882.21213794
2017-07-19 08:00:00,0.17805,0.16259,0.184,0.15752,3904395.10839825
2017-07-20 08:00:00,0.16259,0.18942,0.19575,0.16259,5098031.66538001
2017-07-21 08:00:00,0.19,0.18351,0.19287,0.18187,4018393.41991113
2017-07-22 08:00:00,0.1833,0.19764,0.20199,0.18101,5001855.21544336
2017-07-23 08:00:00,0.1979,0.1974,0.20743,0.1865,6440578.33296186
2017-07-24 08:00:00,0.19701,0.19149,0.19881,0.19,2549462.5454481
2017-07-25 08:00:00,0.19263,0.17344,0.19356,0.16633,5837549.68288151
2017-07-26 08:00:00,0.17479,0.173,0.179,0.16409,3569421.05906113
2017-07-27 08:00:00,0.173,0.172,0.17575,0.16889,2411110.59337019
2017-07-28 08:00:00,0.17277,0.16326,0.17409,0.15608,3553433.50944222
2017-07-29 08:00:00,0.16348,0.17011,0.1715,0.15429,2524893.85881548
2017-07-30 08:00:00,0.16941,0.16416,0.17194,0.161,2001615.96359026
2017-07-31 08:00:00,0.1619,0.164,0.168,0.15812,2621633.43123692
2017-08-01 08:00:00,0.1645,0.17733,0.18496,0.1586,7380861.30418538
2017-08-02 08:00:00,0.17733,0.172,0.18,0.16808,5618019.29007717
2017-08-03 08:00:00,0.1709,0.17438,0.17773,0.16927,2977948.88400095
2017-08-04 08:00:00,0.17438,0.17383,0.177,0.17075,3169065.44744586
2017-08-05 08:00:00,0.17383,0.18444,0.192,0.17147,9223312.21717661
2017-08-06 08:00:00,0.18444,0.17959,0.1895,0.17804,3862163.15120294
2017-08-07 08:00:00,0.18048,0.17722,0.18228,0.1759,6170897.94441121
2017-08-08 08:00:00,0.17883,0.196,0.19908,0.1767,11669174.87427602
2017-08-09 08:00:00,0.196,0.18396,0.196,0.18,6009788.69988771
2017-08-10 08:00:00,0.1835,0.17998,0.18434,0.1777,4859905.94015903
2017-08-11 08:00:00,0.18001,0.17716,0.185,0.17546,10269348.05586947
2017-08-12 08:00:00,0.17725,0.17051,0.18246,0.17023,7261712.70357815
2017-08-13 08:00:00,0.1719,0.16607,0.17221,0.15844,8482281.42326585
2017-08-14 08:00:00,0.16594,0.16792,0.18049,0.16511,6449953.45374354
2017-08-15 08:00:00,0.16792,0.1573,0.16792,0.15179,11082934.49236089
2017-08-16 08:00:00,0.15877,0.1606,0.1606,0.14818,12091304.99692964
2017-08-17 08:00:00,0.16036,0.15744,0.16119,0.15351,7204820.29124182
2017-08-18 08:00:00,0.15742,0.15674,0.17147,0.1511,15061709.08625574
2017-08-19 08:00:00,0.1571,0.1527,0.1616,0.14738,8762407.50558782
2017-08-20 08:00:00,0.15216,0.15805,0.16158,0.149,7873241.58317597
2017-08-21 08:00:00,0.15815,0.19599,0.20881,0.1518,34222661.33873687
2017-08-22 08:00:00,0.1952,0.24119,0.26104,0.1701,80928369.16475162
2017-08-23 08:00:00,0.24203,0.24638,0.2999,0.2135,95232128.82418543
2017-08-24 08:00:00,0.24628,0.21787,0.28769,0.21107,60144509.75719186
2017-08-25 08:00:00,0.21682,0.21691,0.23089,0.201,33703474.45471464
2017-08-26 08:00:00,0.2169,0.21,0.23087,0.2056,14017593.5384125
2017-08-27 08:00:00,0.2096,0.20121,0.21027,0.192,14020520.90085449
2017-08-28 08:00:00,0.20211,0.225,0.2425,0.194,44240204.80795714
2017-08-29 08:00:00,0.22515,0.21955,0.22673,0.21206,23583141.42583632
2017-08-30 08:00:00,0.21955,0.23191,0.23326,0.21602,15967840.13691185
2017-08-31 08:00:00,0.2319,0.2586,0.26526,0.2271,20671762.94579708
2017-09-01 08:00:00,0.2585,0.25295,0.26,0.241,18653141.36466937
2017-09-02 08:00:00,0.25292,0.22363,0.254,0.21811,19227600.61921957
2017-09-03 08:00:00,0.22446,0.22914,0.238,0.21067,13183352.8447055
2017-09-04 08:00:00,0.22914,0.2024,0.22985,0.1886,21014975.84954473
2017-09-05 08:00:00,0.20239,0.2155,0.2202,0.18862,14328420.11580585
2017-09-06 08:00:00,0.2155,0.2315,0.23289,0.21458,11240198.88699724
2017-09-07 08:00:00,0.2315,0.2274,0.23198,0.22039,8023978.26270772
2017-09-08 08:00:00,0.227,0.21099,0.22928,0.20134,12007381.45273126
2017-09-09 08:00:00,0.21103,0.21345,0.21409,0.20617,4021730.07347466
2017-09-10 08:00:00,0.21239,0.21651,0.2243,0.19699,8735842.65494217
2017-09-11 08:00:00,0.21604,0.2135,0.22184,0.20799,10260933.38780982
2017-09-12 08:00:00,0.2134,0.20996,0.224,0.2052,10277798.03929288
2017-09-13 08:00:00,0.20999,0.19688,0.20999,0.19066,9104706.14521244
2017-09-14 08:00:00,0.19689,0.17138,0.20046,0.16612,18361691.33306492
2017-09-15 08:00:00,0.17133,0.18425,0.19199,0.14765,21883579.69020095
2017-09-16 08:00:00,0.18259,0.1818,0.192,0.17303,10604677.63303745
2017-09-17 08:00:00,0.18136,0.18147,0.18454,0.17131,5852187.1295431
2017-09-18 08:00:00,0.1815,0.19325,0.19427,0.18042,14959726.90161431
2017-09-19 08:00:00,0.19335,0.18517,0.19477,0.18201,11028345.90113019
2017-09-20 08:00:00,0.18486,0.18141,0.18987,0.18047,6868243.9890003
2017-09-21 08:00:00,0.18149,0.17001,0.1835,0.16873,10286406.04360509
2017-09-22 08:00:00,0.17048,0.17137,0.17709,0.1665,6231565.36047549
2017-09-23 08:00:00,0.17186,0.17897,0.1807,0.16938,8404199.73838132
2017-09-24 08:00:00,0.17849,0.17554,0.1799,0.1731,4404306.10953388
2017-09-25 08:00:00,0.17572,0.18418,0.187,0.17389,7346268.01594356
2017-09-26 08:00:00,0.1851,0.18812,0.19698,0.17977,17114460.79288612
2017-09-27 08:00:00,0.18859,0.21,0.21497,0.18716,29024794.30763001
2017-09-28 08:00:00,0.21,0.2016,0.21038,0.19608,20837503.02754041
2017-09-29 08:00:00,0.2016,0.19647,0.2052,0.18746,15373456.45849558
2017-09-30 08:00:00,0.19683,0.2,0.20586,0.19436,19108236.68816577
2017-10-01 08:00:00,0.19995,0.20938,0.20939,0.19573,8003818.39223621
2017-10-02 08:00:00,0.20938,0.20291,0.20977,0.2,11490515.78920744
2017-10-03 08:00:00,0.20312,0.20317,0.206,0.19722,7829257.64481651
2017-10-04 08:00:00,0.20264,0.21309,0.2166,0.20093,24128425.77947069
2017-10-05 08:00:00,0.21309,0.238,0.24462,0.21309,68522265.03280708
2017-10-06 08:00:00,0.23805,0.234,0.24472,0.23169,46443455.70609503
2017-10-07 08:00:00,0.234,0.23912,0.24175,0.2323,19346021.05353564
2017-10-08 08:00:00,0.2398,0.28076,0.284,0.23847,68298530.36671054
2017-10-09 08:00:00,0.28061,0.25,0.28076,0.23325,84715749.61653134
2017-10-10 08:00:00,0.25,0.25805,0.267,0.2415,48003928.57281014
2017-10-11 08:00:00,0.25802,0.26331,0.26589,0.255,33373485.59632103
2017-10-12 08:00:00,0.26331,0.24537,0.26539,0.2452,48325250.08977823
2017-10-13 08:00:00,0.24537,0.26083,0.2657,0.23231,73735732.49440134
2017-10-14 08:00:00,0.26083,0.25544,0.2692,0.254,75624133.97707394
2017-10-15 08:00:00,0.25544,0.2642,0.27,0.24701,50461339.20142583
2017-10-16 08:00:00,0.2647,0.2577,0.3,0.25152,150823731.81657082
2017-10-17 08:00:00,0.2577,0.2288,0.2659,0.21,93582486.7431467
2017-10-18 08:00:00,0.2279,0.2168,0.23454,0.19964,72724572.54875894
2017-10-19 08:00:00,0.2169,0.2142,0.2327,0.206,66513012.90803659
2017-10-20 08:00:00,0.2142,0.208,0.2234,0.20502,52258560.82626284
2017-10-21 08:00:00,0.20739,0.21,0.21098,0.197,32784254.9730126
2017-10-22 08:00:00,0.21007,0.2016,0.21215,0.19449,37752946.79147142
2017-10-23 08:00:00,0.20175,0.19188,0.2019,0.1823,32792706.39803771
2017-10-24 08:00:00,0.19179,0.2041,0.21697,0.18289,81895016.62834574
2017-10-25 08:00:00,0.20416,0.20229,0.20532,0.19562,47826862.73971053
2017-10-26 08:00:00,0.20208,0.20167,0.2048,0.1986,10825596.55819211
2017-10-27 08:00:00,0.2018,0.20045,0.2028,0.19766,7762573.73944422
2017-10-28 08:00:00,0.20001,0.19772,0.2008,0.19671,6137563.13881059
2017-10-29 08:00:00,0.19772,0.2027,0.20659,0.1961,13376176.88632958
2017-10-30 08:00:00,0.20266,0.2024,0.205,0.19996,9855935.876973901
2017-10-31 08:00:00,0.2024,0.19826,0.20345,0.19792,8692793.48407089
2017-11-01 08:00:00,0.19793,0.19149,0.20055,0.1892,17803226.93613558
2017-11-02 08:00:00,0.1913,0.19927,0.20699,0.17421,40076149.17801777
2017-11-03 08:00:00,0.2,0.20584,0.2288,0.1951,62279562.60586444
2017-11-04 08:00:00,0.20597,0.20085,0.20628,0.19924,11973336.1967866
2017-11-05 08:00:00,0.2013,0.19942,0.20342,0.19811,11999812.27950923
2017-11-06 08:00:00,0.19935,0.20189,0.20713,0.19782,20416401.05100836
2017-11-07 08:00:00,0.201,0.20543,0.2065,0.199,16891089.8535719
2017-11-08 08:00:00,0.20544,0.21692,0.22417,0.20233,41518834.27577572
2017-11-09 08:00:00,0.21746,0.21628,0.222,0.212,32842471.37415212
2017-11-10 08:00:00,0.2163,0.20292,0.21853,0.19801,35545465.19730532
2017-11-11 08:00:00,0.20295,0.20828,0.215,0.2015,32725590.71126499
2017-11-12 08:00:00,0.20894,0.19002,0.20894,0.18706,92638693.34049533
2017-11-13 08:00:00,0.19007,0.2,0.2,0.18932,36482740.9975299
2017-11-14 08:00:00,0.2,0.20465,0.211,0.1989,26331471.36798958
2017-11-15 08:00:00,0.2051,0.20848,0.21023,0.20301,25973909.70981195
2017-11-16 08:00:00,0.20867,0.22666,0.2815,0.20574,265341795.3994809
2017-11-17 08:00:00,0.2267,0.22379,0.2436,0.21662,83504344.87040874
2017-11-18 08:00:00,0.22419,0.22743,0.23019,0.21852,33380308.2189116
2017-11-19 08:00:00,0.22743,0.23264,0.23875,0.22375,41775944.89469776
2017-11-20 08:00:00,0.23289,0.2411,0.247,0.23118,50566431.37170866
2017-11-21 08:00:00,0.241,0.23219,0.24501,0.22418,49990682.87096236
2017-11-22 08:00:00,0.232,0.23807,0.2424,0.23158,39368732.09091394
2017-11-23 08:00:00,0.23813,0.23878,0.25109,0.2354,62251237.53422949
2017-11-24 08:00:00,0.23878,0.2406,0.24472,0.22961,58769849.31784395
2017-11-25 08:00:00,0.2406,0.2489,0.25451,0.23863,44602061.05606623
2017-11-26 08:00:00,0.24828,0.2454,0.25049,0.242,31086437.24961778
2017-11-27 08:00:00,0.2455,0.2463,0.25186,0.24,49129737.23742449
2017-11-28 08:00:00,0.24719,0.28025,0.28127,0.24636,121902020.2707742
2017-11-29 08:00:00,0.27949,0.23499,0.28024,0.197,131750904.08246484
2017-11-30 08:00:00,0.2357,0.23487,0.24682,0.21571,62879644.51559358
2017-12-01 08:00:00,0.2349,0.24833,0.2545,0.22451,47928261.85385312
2017-12-02 08:00:00,0.24827,0.24399,0.2502,0.23938,30683082.62323215
2017-12-03 08:00:00,0.24388,0.24489,0.2596,0.23103,49972582.12944476
2017-12-04 08:00:00,0.24489,0.24647,0.24873,0.233,41853317.56110591
2017-12-05 08:00:00,0.24638,0.23113,0.24671,0.22557,64826058.54807636
2017-12-06 08:00:00,0.23202,0.2149,0.2351,0.20876,88129620.95235397
2017-12-07 08:00:00,0.21482,0.20569,0.2191,0.197,78166107.46471351
2017-12-08 08:00:00,0.20509,0.23401,0.25692,0.20056,175486033.39719406
2017-12-09 08:00:00,0.23354,0.2361,0.24539,0.22923,74467254.01064856
2017-12-10 08:00:00,0.23587,0.22798,0.2378,0.22108,59974521.07732781
2017-12-11 08:00:00,0.22844,0.24821,0.24906,0.228,52028813.20637218
2017-12-12 08:00:00,0.24821,0.42385,0.5367,0.24401,272315708.4095321
2017-12-13 08:00:00,0.4238,0.4574,0.59999,0.35169,476872180.22875786
2017-12-14 08:00:00,0.45739,0.85999,0.89882,0.451,691292510.7446289
2017-12-15 08:00:00,0.85843,0.73648,0.865,0.6122,388886050.99200517
2017-12-16 08:00:00,0.73648,0.73901,0.815,0.707,163618826.84237087
2017-12-17 08:00:00,0.73883,0.71097,0.755,0.69522,79960401.20577326
2017-12-18 08:00:00,0.71059,0.75576,0.7933,0.6353,159117569.47656792
2017-12-19 08:00:00,0.75575,0.73,0.84111,0.70097,177428878.68557215
2017-12-20 08:00:00,0.73,0.714,0.74,0.64468,128221448.18725584
2017-12-21 08:00:00,0.714,1.125,1.14,0.71074,459524853.6826586
2017-12-22 08:00:00,1.1224,0.98304,1.25,0.42143,497497709.1081027
2017-12-23 08:00:00,0.98798,0.9981,1.0592,0.90992,105811669.84142385
2017-12-24 08:00:00,0.99496,0.9681,1.0058,0.8011,109266715.09616084
2017-12-25 08:00:00,0.9662,0.9714,1.0148,0.91,53005494.55264391
2017-12-26 08:00:00,0.97149,1.07,1.095,0.9628,64744925.75961128
2017-12-27 08:00:00,1.0698,1.2108,1.2893,1.0622,185042523.93553862
2017-12-28 08:00:00,1.2103,1.2525,1.3072,1.05,147130738.90505672
2017-12-29 08:00:00,1.2501,1.915,1.9745,1.248,360721916.5789268
2017-12-30 08:00:00,1.915,1.835,2.45,1.73,431531639.5733841
2017-12-31 08:00:00,1.8425,1.9657,2.089,1.6033,141776922.6586707
2018-01-01 08:00:00,1.9652,2.0395,2.1,1.802,57532145.36866932
2018-01-02 08:00:00,2.0458,2.193,2.2158,1.841,99133678.81365953
2018-01-03 08:00:00,2.1921,2.7317,2.8599,2.1352,209500381.72046888
2018-01-04 08:00:00,2.7311,2.7367,3.3,2.606,276946688.20718485
2018-01-05 08:00:00,2.737,2.4961,3.059,2.2273,201898696.28876132
2018-01-06 08:00:00,2.4987,2.6424,2.85,2.4463,79060690.57320642
2018-01-07 08:00:00,2.6425,2.7665,2.8099,2.5597,50990049.1318618
2018-01-08 08:00:00,2.7665,2.3847,2.7682,1.91,138369940.01987115
2018-01-09 08:00:00,2.384,2.0538,2.4893,1.9,120070081.43124975
2018-01-10 08:00:00,2.0537,1.937,2.121,1.61,210632131.99253637
2018-01-11 08:00:00,1.937,1.92,2.25,1.53,275891592.34109
2018-01-12 08:00:00,1.9192,2.015,2.15,1.785,130695631.59703466
2018-01-13 08:00:00,2.0151,1.9876,2.091,1.9461,53076056.42022502
2018-01-14 08:00:00,1.9873,1.8163,1.9879,1.73,54688517.37531831
2018-01-15 08:00:00,1.8203,1.657,1.877,1.615,50342158.15731098
2018-01-16 08:00:00,1.657,1.1382,1.6798,0.85,381859881.89243734
2018-01-17 08:00:00,1.1349,1.2999,1.3783,0.85,397242322.8647063
2018-01-18 08:00:00,1.3004,1.5424,1.719,1.213,299925674.2426807
2018-01-19 08:00:00,1.5414,1.53,1.6759,1.45,134316578.48105243
2018-01-20 08:00:00,1.528,1.5574,1.62,1.465,80610263.8594796
2018-01-21 08:00:00,1.5578,1.36,1.5599,1.301,123745822.36657262
2018-01-22 08:00:00,1.362,1.3362,1.4122,1.1223,155557571.13976774
2018-01-23 08:00:00,1.3363,1.3322,1.439,1.1738,162482159.83900478
2018-01-24 08:00:00,1.3297,1.3507,1.4173,1.2754,97216560.48984265
2018-01-25 08:00:00,1.3506,1.2995,1.3772,1.2713,51817740.51015994
2018-01-26 08:00:00,1.2964,1.2058,1.32,1.1032,97260052.06730852
2018-01-27 08:00:00,1.2059,1.2187,1.249,1.169,47740891.23786449
2018-01-28 08:00:00,1.2197,1.3677,1.406,1.214,58930046.79663621
2018-01-29 08:00:00,1.3676,1.2671,1.3763,1.25,45657767.54711175
2018-01-30 08:00:00,1.267,1.114,1.2715,1.0792,80646063.1710059
2018-01-31 08:00:00,1.1142,1.1419,1.1528,1.0234,68049566.37614706
2018-02-01 08:00:00,1.1407,0.954,1.146,0.90946,114139631.2425958
2018-02-02 08:00:00,0.95421,0.8987,0.96707,0.671,315310651.4896261
2018-02-03 08:00:00,0.8985,0.9577,1.0207,0.77802,158960146.16558006
2018-02-04 08:00:00,0.9578,0.81549,0.96879,0.775,124182535.27688266
2018-02-05 08:00:00,0.81473,0.6803,0.8343,0.63702,192112182.27533296
2018-02-06 08:00:00,0.68085,0.76,0.777,0.5729,246347067.11722755
2018-02-07 08:00:00,0.76,0.7157,0.80606,0.6923,111198897.49920905
2018-02-08 08:00:00,0.7157,0.78,0.79094,0.7081,85277420.2509821
2018-02-09 08:00:00,0.7799,0.92121,0.9288,0.73574,130949965.21474646
2018-02-10 08:00:00,0.92122,1.0266,1.2276,0.90531,313513161.5782213
2018-02-11 08:00:00,1.0261,0.95958,1.0399,0.891,161143291.1261508
2018-02-12 08:00:00,0.95952,1.0409,1.0783,0.95299,116135481.94367789
2018-02-13 08:00:00,1.0419,0.984,1.0483,0.9618,66336407.45066916
2018-02-14 08:00:00,0.98489,1.1252,1.155,0.97652,104357560.30079947
2018-02-15 08:00:00,1.1261,1.1026,1.1434,1.0675,85566129.29381251
2018-02-16 08:00:00,1.1048,1.1104,1.1175,1.0617,48650669.429125
2018-02-17 08:00:00,1.1106,1.1769,1.2046,1.101,66245483.5324454
2018-02-18 08:00:00,1.1768,1.069,1.1799,1.0366,61907418.54916491
2018-02-19 08:00:00,1.0691,1.1086,1.1326,1.0649,29628868.1696872
2018-02-20 08:00:00,1.1086,1.0266,1.135,1.0081,51618367.07984479
2018-02-21 08:00:00,1.0258,0.95115,1.0376,0.935,67063068.40270376
2018-02-22 08:00:00,0.94945,0.88906,0.998,0.8611,69951854.38104355
2018-02-23 08:00:00,0.88894,0.93779,0.98249,0.8501,58135827.50517426
2018-02-24 08:00:00,0.93754,0.89947,0.96694,0.86862,35626109.23792816
2018-02-25 08:00:00,0.89814,0.89892,0.92399,0.87607,24376090.78392834
2018-02-26 08:00:00,0.90046,0.93027,0.94187,0.8727,34997618.6838928
2018-02-27 08:00:00,0.92883,0.925,0.95816,0.91623,26977823.47583771
2018-02-28 08:00:00,0.92544,0.8841,0.94605,0.88,27514837.36352552
2018-03-01 08:00:00,0.88485,0.91492,0.94837,0.87207,31503243.81397554
2018-03-02 08:00:00,0.9142,0.89694,0.92138,0.88509,17554361.63991409
2018-03-03 08:00:00,0.89693,0.89725,0.92306,0.88884,23966859.96052359
2018-03-04 08:00:00,0.89722,1.0023,1.0312,0.88012,66892103.40999192
2018-03-05 08:00:00,1.0023,0.9396,1.086,0.9395,138843341.63186514
2018-03-06 08:00:00,0.9401,0.90042,0.97944,0.8863,81399064.5173436
2018-03-07 08:00:00,0.9001,0.85386,0.91365,0.78579,90145484.34724388
2018-03-08 08:00:00,0.85384,0.8031,0.87083,0.78911,49458192.25718492
2018-03-09 08:00:00,0.80372,0.822,0.84157,0.7309,89158630.50722498
2018-03-10 08:00:00,0.822,0.77343,0.84134,0.7656,37462618.4128959
2018-03-11 08:00:00,0.77355,0.817,0.83012,0.74765,47704020.17259552
2018-03-12 08:00:00,0.81742,0.78192,0.82786,0.76417,32440167.20516424
2018-03-13 08:00:00,0.78257,0.77691,0.7985,0.7612,24006673.75411909
2018-03-14 08:00:00,0.77691,0.6854,0.79042,0.651,49094602.48860194
2018-03-15 08:00:00,0.68539,0.68202,0.72436,0.62776,72982271.54048458
2018-03-16 08:00:00,0.68197,0.677,0.70997,0.65739,52111891.65603497
2018-03-17 08:00:00,0.67701,0.62635,0.68453,0.61277,37859458.76825381
2018-03-18 08:00:00,0.62635,0.6498,0.685,0.5367,108106525.51988222
2018-03-19 08:00:00,0.64943,0.71945,0.72512,0.6262,85067958.15190005
2018-03-20 08:00:00,0.71945,0.69915,0.71945,0.65535,71515109.25958444
2018-03-21 08:00:00,0.69938,0.67704,0.7076,0.66138,46220334.74339233
2018-03-22 08:00:00,0.6774,0.65212,0.69021,0.61932,41121537.14014387
2018-03-23 08:00:00,0.65238,0.63975,0.65339,0.6126,39299787.034438
2018-03-24 08:00:00,0.63979,0.62768,0.678,0.62628,34008405.46447306
2018-03-25 08:00:00,0.62768,0.63347,0.6547,0.6211,22976107.76402562
2018-03-26 08:00:00,0.63348,0.58766,0.63696,0.575,45420893.36490705
2018-03-27 08:00:00,0.58766,0.56956,0.60225,0.55601,37777823.4708715
2018-03-28 08:00:00,0.56946,0.57354,0.58903,0.56343,21797353.09265402
2018-03-29 08:00:00,0.57276,0.50252,0.57489,0.49696,65712349.7092317
2018-03-30 08:00:00,0.50264,0.49846,0.52636,0.47,76854608.58341493
2018-03-31 08:00:00,0.49938,0.50019,0.522,0.49156,39648428.60612124
2018-04-01 08:00:00,0.50019,0.47818,0.50975,0.4541,41523374.66358984
2018-04-02 08:00:00,0.47824,0.49338,0.50439,0.4701,32104993.3751148
2018-04-03 08:00:00,0.4933,0.5467,0.55411,0.49123,61502833.24978512
2018-04-04 08:00:00,0.54673,0.48994,0.5525,0.485,49467017.89796345
2018-04-05 08:00:00,0.48983,0.48842,0.498,0.47382,39257577.86242499
2018-04-06 08:00:00,0.48902,0.47281,0.49607,0.458,30172272.76259381
2018-04-07 08:00:00,0.47306,0.48476,0.4972,0.47067,26460044.13744103
2018-04-08 08:00:00,0.48476,0.49752,0.50366,0.4831,18116128.52208585
2018-04-09 08:00:00,0.49729,0.48595,0.51195,0.47323,33229674.0449518
2018-04-10 08:00:00,0.48644,0.49105,0.49359,0.47736,14605293.5710427
2018-04-11 08:00:00,0.49105,0.53946,0.5578,0.48509,41611692.48750241
2018-04-12 08:00:00,0.53937,0.64197,0.66548,0.50229,139760623.72642478
2018-04-13 08:00:00,0.6419,0.64307,0.70823,0.61223,132374874.966172
2018-04-14 08:00:00,0.64307,0.64,0.673,0.6201,54826990.84336183
2018-04-15 08:00:00,0.63999,0.69365,0.69806,0.63999,47077094.78005504
2018-04-16 08:00:00,0.69333,0.66364,0.69549,0.63314,41418321.82239849
2018-04-17 08:00:00,0.66364,0.65471,0.682,0.65,39339189.56112531
2018-04-18 08:00:00,0.65471,0.7139,0.73,0.6515,63660562.90322889
2018-04-19 08:00:00,0.714,0.7839,0.788,0.7035,58413631.55957851
2018-04-20 08:00:00,0.7836,0.9226,0.93679,0.78203,158034454.54456702
2018-04-21 08:00:00,0.92261,0.86514,0.924,0.807,106859296.69233395
2018-04-22 08:00:00,0.86543,0.86222,0.91624,0.83838,65787417.58953351
2018-04-23 08:00:00,0.86155,0.87389,0.88726,0.845,48853625.23921101
2018-04-24 08:00:00,0.87529,0.92099,0.96663,0.86698,120315844.06325294
2018-04-25 08:00:00,0.9201,0.79578,0.92626,0.4901,146108339.23059037
2018-04-26 08:00:00,0.79363,0.84598,0.8485,0.76078,74857267.55901588
2018-04-27 08:00:00,0.84528,0.80607,0.86248,0.80252,51037932.91449089
2018-04-28 08:00:00,0.80677,0.86161,0.8894,0.8015,49121213.1668281
2018-04-29 08:00:00,0.86262,0.86852,0.91,0.82367,49652078.2680061
2018-04-30 08:00:00,0.86835,0.83149,0.87679,0.81638,38894106.27457777
2018-05-01 08:00:00,0.83149,0.83354,0.84411,0.7812,44413758.11184113
2018-05-02 08:00:00,0.83399,0.8598,0.86842,0.82415,33761803.85418465
2018-05-03 08:00:00,0.85994,0.88178,0.89472,0.8376,55079993.70511755
2018-05-04 08:00:00,0.88176,0.88953,0.9339,0.85806,68514631.24345689
2018-05-05 08:00:00,0.88962,0.901,0.931,0.8885,41276121.14072667
2018-05-06 08:00:00,0.90168,0.86411,0.9187,0.84067,41992529.87658902
2018-05-07 08:00:00,0.86411,0.82623,0.8668,0.796,48468541.69106909
2018-05-08 08:00:00,0.82612,0.80636,0.8463,0.7905,34726543.80752225
2018-05-09 08:00:00,0.8055,0.79642,0.8185,0.75719,47824867.27278245
2018-05-10 08:00:00,0.79641,0.74796,0.80471,0.74636,38996034.95645172
2018-05-11 08:00:00,0.74797,0.67801,0.7551,0.64619,132178796.89685017
2018-05-12 08:00:00,0.67806,0.68293,0.71056,0.62655,69741575.51997064
2018-05-13 08:00:00,0.68467,0.72752,0.74787,0.66212,47799872.42599455
2018-05-14 08:00:00,0.728,0.72695,0.75,0.68597,67606230.40369168
2018-05-15 08:00:00,0.72602,0.68955,0.75,0.6805,39497973.32566807
2018-05-16 08:00:00,0.69008,0.70755,0.70943,0.657,32816293.39749161
2018-05-17 08:00:00,0.70758,0.65857,0.71222,0.64972,33341775.75793224
2018-05-18 08:00:00,0.65799,0.67653,0.68385,0.6454,41288530.1496524
2018-05-19 08:00:00,0.67652,0.67476,0.69117,0.65952,23762445.92503812
2018-05-20 08:00:00,0.67487,0.69896,0.7064,0.66728,25366373.05359262
2018-05-21 08:00:00,0.69897,0.67499,0.70309,0.66765,21330146.89868979
2018-05-22 08:00:00,0.67513,0.63767,0.67682,0.63501,25851497.04316655
2018-05-23 08:00:00,0.63728,0.58953,0.64417,0.5749,77136203.01426037
2018-05-24 08:00:00,0.59038,0.62904,0.63763,0.57501,55023509.95359774
2018-05-25 08:00:00,0.62902,0.60553,0.63382,0.59301,43499259.21027287
2018-05-26 08:00:00,0.60529,0.60872,0.62626,0.59729,20132327.82862411
2018-05-27 08:00:00,0.60867,0.60407,0.61249,0.59654,20228537.70135286
2018-05-28 08:00:00,0.60481,0.54717,0.607,0.54535,47194213.73152895
2018-05-29 08:00:00,0.54692,0.60015,0.60975,0.54403,45770427.39272489
2018-05-30 08:00:00,0.60081,0.60053,0.62839,0.583,33763536.7449912
2018-05-31 08:00:00,0.60045,0.611,0.62142,0.58971,29087475.53610882
2018-06-01 08:00:00,0.61102,0.62143,0.625,0.60377,24806885.95002966
2018-06-02 08:00:00,0.62144,0.64306,0.65279,0.61415,29783668.14222155
2018-06-03 08:00:00,0.64247,0.68846,0.68888,0.6381,32674571.50265322
2018-06-04 08:00:00,0.68845,0.65466,0.70503,0.63381,42885361.64601849
2018-06-05 08:00:00,0.65565,0.67436,0.68538,0.63221,30928368.10900946
2018-06-06 08:00:00,0.67437,0.67439,0.6832,0.655,21869784.0340088
2018-06-07 08:00:00,0.67419,0.67771,0.68883,0.66946,20823444.60515629
2018-06-08 08:00:00,0.67718,0.67382,0.67978,0.65865,17321008.76096472
2018-06-09 08:00:00,0.6738,0.65687,0.68015,0.655,11064287.13309923
2018-06-10 08:00:00,0.65688,0.58053,0.65688,0.55046,62432962.85905294
2018-06-11 08:00:00,0.58053,0.59823,0.60066,0.55821,27822897.06469564
2018-06-12 08:00:00,0.59822,0.55661,0.59823,0.54207,33772191.27631435
2018-06-13 08:00:00,0.55625,0.52947,0.562,0.50374,47544975.06081658
2018-06-14 08:00:00,0.52941,0.55713,0.56849,0.51884,44822854.8813665
2018-06-15 08:00:00,0.55712,0.53344,0.56,0.52778,26309686.32538388
2018-06-16 08:00:00,0.53298,0.53199,0.53833,0.518,24395824.01232311
2018-06-17 08:00:00,0.53274,0.52602,0.54112,0.5212,12048723.81105833
2018-06-18 08:00:00,0.52568,0.5392,0.55116,0.50374,34604416.39756793
2018-06-19 08:00:00,0.53949,0.54921,0.561,0.534,19582502.70900375
2018-06-20 08:00:00,0.54929,0.53962,0.55061,0.5224,17863451.36702152
2018-06-21 08:00:00,0.54006,0.53423,0.54965,0.53006,11378400.17836464
2018-06-22 08:00:00,0.53422,0.48133,0.53509,0.46902,53063520.66944012
2018-06-23 08:00:00,0.48128,0.48995,0.49605,0.47298,18689402.16264702
2018-06-24 08:00:00,0.49064,0.47476,0.49648,0.43849,42880801.43213609
2018-06-25 08:00:00,0.4748,0.48053,0.49199,0.47207,18211130.81258188
2018-06-26 08:00:00,0.48099,0.45217,0.48337,0.45073,15785736.0570635
2018-06-27 08:00:00,0.45173,0.4712,0.47587,0.44787,22414959.27236283
2018-06-28 08:00:00,0.47108,0.44656,0.47373,0.44327,18435469.81905618
2018-06-29 08:00:00,0.44609,0.45358,0.46088,0.424,27870355.78802133
2018-06-30 08:00:00,0.45363,0.46842,0.48451,0.45338,28100933.09670069
2018-07-01 08:00:00,0.46807,0.46119,0.46971,0.44971,16287630.21004266
2018-07-02 08:00:00,0.46129,0.49027,0.4958,0.45258,27762352.85280633
2018-07-03 08:00:00,0.49047,0.48444,0.52,0.4782,29547506.62076402
2018-07-04 08:00:00,0.48449,0.4924,0.50749,0.47473,24068324.10330951
2018-07-05 08:00:00,0.49161,0.47671,0.50472,0.4691,26624064.03547285
2018-07-06 08:00:00,0.47706,0.47635,0.48149,0.45898,17868250.96244081
2018-07-07 08:00:00,0.47689,0.4852,0.48743,0.46408,13936123.68618884
2018-07-08 08:00:00,0.4852,0.47867,0.4895,0.47433,18664191.42141598
2018-07-09 08:00:00,0.47899,0.47327,0.48228,0.4712,12563143.85148613
2018-07-10 08:00:00,0.4731,0.44273,0.47405,0.43856,25179043.52750405
2018-07-11 08:00:00,0.44286,0.44903,0.45163,0.43908,14055706.79905053
2018-07-12 08:00:00,0.44923,0.43827,0.44929,0.42416,21636227.18791068
2018-07-13 08:00:00,0.43826,0.4378,0.44513,0.43075,15824411.95807954
2018-07-14 08:00:00,0.4375,0.43862,0.44378,0.43186,7351547.62849988
2018-07-15 08:00:00,0.43849,0.44777,0.45021,0.43567,10851981.00456674
2018-07-16 08:00:00,0.44778,0.48244,0.48481,0.44286,26512076.46312176
2018-07-17 08:00:00,0.48252,0.50714,0.52,0.46882,33257798.54203444
2018-07-18 08:00:00,0.50722,0.48951,0.52467,0.476,35751464.54388161
2018-07-19 08:00:00,0.48951,0.47703,0.49493,0.47141,18998951.07748771
2018-07-20 08:00:00,0.47691,0.4445,0.47691,0.4303,31476624.41928325
2018-07-21 08:00:00,0.4445,0.45462,0.45907,0.43415,10594105.37163577
2018-07-22 08:00:00,0.45462,0.4488,0.46302,0.44628,10764147.09393051
2018-07-23 08:00:00,0.44869,0.44502,0.4645,0.44173,19066358.49259923
2018-07-24 08:00:00,0.44502,0.45756,0.47068,0.438,28490557.70775936
2018-07-25 08:00:00,0.45766,0.45932,0.46893,0.45185,17163172.38922295
2018-07-26 08:00:00,0.4592,0.44946,0.47025,0.447,16599703.14082736
2018-07-27 08:00:00,0.44945,0.4554,0.46044,0.44472,13177966.62038872
2018-07-28 08:00:00,0.45566,0.45856,0.45927,0.44803,7815808.31442886
2018-07-29 08:00:00,0.45828,0.45312,0.4589,0.45042,6910213.21474267
2018-07-30 08:00:00,0.45316,0.44598,0.4563,0.43444,16666420.49662044
2018-07-31 08:00:00,0.44599,0.4355,0.4461,0.42713,15588516.53008166
2018-08-01 08:00:00,0.43566,0.44638,0.4631,0.42577,30981192.59415142
2018-08-02 08:00:00,0.44643,0.43031,0.44872,0.42995,12475255.27825682
2018-08-03 08:00:00,0.43027,0.4403,0.446,0.42523,20053328.07330207
2018-08-04 08:00:00,0.44047,0.4296,0.4452,0.42777,10971036.42133497
2018-08-05 08:00:00,0.42959,0.43482,0.43744,0.42709,9920422.24247743
2018-08-06 08:00:00,0.43483,0.41279,0.43707,0.40261,29388161.34651403
2018-08-07 08:00:00,0.41286,0.37801,0.4157,0.37434,48742182.61986843
2018-08-08 08:00:00,0.37801,0.33226,0.37819,0.31921,104456325.82805546
2018-08-09 08:00:00,0.33211,0.34358,0.35712,0.3278,61327676.67465944
2018-08-10 08:00:00,0.34388,0.31841,0.346,0.31246,44633063.16060392
2018-08-11 08:00:00,0.31843,0.2978,0.31964,0.288,53742880.28553122
2018-08-12 08:00:00,0.2979,0.29556,0.30976,0.29412,23473910.63278391
2018-08-13 08:00:00,0.29533,0.27421,0.30998,0.27087,35088026.30858745
2018-08-14 08:00:00,0.27422,0.27279,0.27756,0.24653,48425053.2940349
2018-08-15 08:00:00,0.27279,0.28049,0.3021,0.27279,58759043.82809585
2018-08-16 08:00:00,0.28011,0.2918,0.30317,0.27558,37455190.76791404
2018-08-17 08:00:00,0.29177,0.36723,0.37418,0.29072,77887740.55838625
2018-08-18 08:00:00,0.36749,0.32841,0.371,0.31315,70901459.73600268
2018-08-19 08:00:00,0.3286,0.34093,0.3522,0.318,53220367.72047655
2018-08-20 08:00:00,0.34144,0.31502,0.35086,0.31314,56065208.07014967
2018-08-21 08:00:00,0.31494,0.33391,0.33831,0.31304,40716658.66263084
2018-08-22 08:00:00,0.33409,0.31776,0.35713,0.31027,65803038.505627014
2018-08-23 08:00:00,0.31762,0.32565,0.32948,0.31513,45038543.67512737
2018-08-24 08:00:00,0.32565,0.3269,0.33094,0.31541,36766923.96178921
2018-08-25 08:00:00,0.32677,0.32722,0.33241,0.32181,11456956.37213551
2018-08-26 08:00:00,0.32727,0.32271,0.32849,0.3181,13053796.78886384
2018-08-27 08:00:00,0.3227,0.339,0.34016,0.32141,42922019.13044406
2018-08-28 08:00:00,0.33907,0.35089,0.357,0.33453,63793329.91557968
2018-08-29 08:00:00,0.3509,0.34468,0.355,0.3381,43671638.78343492
2018-08-30 08:00:00,0.34468,0.3348,0.3465,0.323,38802634.34174343
2018-08-31 08:00:00,0.3348,0.33498,0.34108,0.3273,24106862.33746045
2018-09-01 08:00:00,0.33499,0.34722,0.354,0.33478,29111709.08011148
2018-09-02 08:00:00,0.34703,0.34208,0.34982,0.336,25624816.38500407
2018-09-03 08:00:00,0.34199,0.33431,0.34427,0.33251,20703050.81649087
2018-09-04 08:00:00,0.33412,0.33038,0.34108,0.32771,43968856.74098743
2018-09-05 08:00:00,0.33038,0.27888,0.33352,0.278,92916138.4331823
2018-09-06 08:00:00,0.27882,0.30167,0.30507,0.26698,71329203.5220127
2018-09-07 08:00:00,0.30175,0.2869,0.30419,0.28071,35850950.5347997
2018-09-08 08:00:00,0.28706,0.27678,0.29396,0.26857,28842977.43177364
2018-09-09 08:00:00,0.27677,0.27595,0.291,0.27075,40965040.47524686
2018-09-10 08:00:00,0.2764,0.26976,0.28245,0.26,74926332.12007622
2018-09-11 08:00:00,0.26989,0.2633,0.275,0.25211,53078599.24753654
2018-09-12 08:00:00,0.26309,0.2699,0.27386,0.25325,43950173.00964837
2018-09-13 08:00:00,0.26988,0.27947,0.2858,0.26724,43498733.33211764
2018-09-14 08:00:00,0.27947,0.276,0.28523,0.271,33591965.29181974
2018-09-15 08:00:00,0.27601,0.28029,0.28505,0.27552,13704456.94535477
2018-09-16 08:00:00,0.28028,0.281,0.28235,0.27348,15456733.78234863
2018-09-17 08:00:00,0.2812,0.2704,0.28355,0.26648,37269082.09450695
2018-09-18 08:00:00,0.27033,0.31902,0.33733,0.26886,149872186.3662814
2018-09-19 08:00:00,0.31901,0.32656,0.33563,0.31059,103900980.41599034
2018-09-20 08:00:00,0.3266,0.44828,0.50297,0.3215,301103710.40448755
2018-09-21 08:00:00,0.44883,0.56497,0.79132,0.42604,751553292.0836451
2018-09-22 08:00:00,0.56551,0.5741,0.627,0.49211,294461652.31317824
2018-09-23 08:00:00,0.5734,0.5713,0.6,0.55567,104853376.2606739
2018-09-24 08:00:00,0.5715,0.49219,0.58418,0.48273,150857487.71155104
2018-09-25 08:00:00,0.49239,0.52532,0.54798,0.4355,289516851.2568432
2018-09-26 08:00:00,0.52536,0.51316,0.57454,0.48367,318998462.8380349
2018-09-27 08:00:00,0.51322,0.54333,0.55571,0.50671,106348229.65112357
2018-09-28 08:00:00,0.54301,0.54002,0.55243,0.51227,101603300.2715246
2018-09-29 08:00:00,0.54,0.5691,0.5973,0.523,128707125.35428698
2018-09-30 08:00:00,0.56951,0.58199,0.62435,0.55879,147196968.93044853
2018-10-01 08:00:00,0.5818,0.57785,0.60588,0.53117,185598937.690986
2018-10-02 08:00:00,0.57779,0.51733,0.581,0.51,96107027.82341547
2018-10-03 08:00:00,0.51733,0.52841,0.53954,0.50673,98793388.99933732
2018-10-04 08:00:00,0.52858,0.52882,0.5496,0.52565,51481063.81770094
2018-10-05 08:00:00,0.52887,0.52065,0.533,0.51042,65427700.9069743
2018-10-06 08:00:00,0.52092,0.48881,0.52547,0.46998,82445363.2653274
2018-10-07 08:00:00,0.48881,0.48275,0.49091,0.46772,48312906.9586561
2018-10-08 08:00:00,0.48274,0.49328,0.50203,0.47924,55226958.12664769
2018-10-09 08:00:00,0.49306,0.48185,0.49365,0.46921,36664808.6074509
2018-10-10 08:00:00,0.48171,0.46648,0.48181,0.46208,34381511.59498281
2018-10-11 08:00:00,0.4665,0.38324,0.46658,0.37763,150927642.06228277
2018-10-12 08:00:00,0.38288,0.42041,0.44889,0.37795,122613954.16746496
2018-10-13 08:00:00,0.42041,0.4225,0.43163,0.41695,30923572.78212075
2018-10-14 08:00:00,0.4225,0.40942,0.43,0.39928,41097947.67850757
2018-10-15 08:00:00,0.40956,0.4605,0.525,0.39822,180022898.66046408
2018-10-16 08:00:00,0.4608,0.4842,0.48815,0.45474,54029569.88382856
2018-10-17 08:00:00,0.48421,0.48388,0.4975,0.47139,51891470.30292018
2018-10-18 08:00:00,0.48328,0.46808,0.49438,0.45602,44807985.28130581
2018-10-19 08:00:00,0.4682,0.46059,0.47215,0.45701,28653808.00847273
2018-10-20 08:00:00,0.46062,0.46803,0.47261,0.45617,20208916.28205601
2018-10-21 08:00:00,0.46743,0.4647,0.47809,0.463,19725149.02393442
2018-10-22 08:00:00,0.46451,0.46132,0.46815,0.45538,18516746.71889763
2018-10-23 08:00:00,0.4617,0.4696,0.48534,0.44447,57316990.50643113
2018-10-24 08:00:00,0.4696,0.46392,0.4781,0.4611,33501295.27048246
2018-10-25 08:00:00,0.46392,0.4635,0.47288,0.45745,34153797.36912942
2018-10-26 08:00:00,0.46407,0.46658,0.47075,0.45831,25157517.40903394
2018-10-27 08:00:00,0.46658,0.46052,0.4672,0.45655,21253580.05683499
2018-10-28 08:00:00,0.4599,0.464,0.468,0.45822,15055712.09083115
2018-10-29 08:00:00,0.4643,0.44564,0.4652,0.43513,43363109.15414798
2018-10-30 08:00:00,0.4456,0.44726,0.45346,0.44388,20701301.59843376
2018-10-31 08:00:00,0.44727,0.45382,0.46127,0.43774,30899400.968029
2018-11-01 08:00:00,0.4543,0.46105,0.46115,0.4501,19145021.26767997
2018-11-02 08:00:00,0.46105,0.46266,0.46792,0.459,28502175.83684208
2018-11-03 08:00:00,0.4625,0.4569,0.46455,0.45525,12583529.76498476
2018-11-04 08:00:00,0.4573,0.47008,0.47854,0.44929,37351149.54609467
2018-11-05 08:00:00,0.47008,0.5014,0.50576,0.46412,63846845.14004718
2018-11-06 08:00:00,0.5014,0.5548,0.57,0.50116,147164548.2847459
2018-11-07 08:00:00,0.55507,0.54083,0.55544,0.52837,47493513.04211493
2018-11-08 08:00:00,0.54086,0.49684,0.5463,0.4935,69379254.46311636
2018-11-09 08:00:00,0.49745,0.50448,0.52163,0.49579,42036123.84968747
2018-11-10 08:00:00,0.50449,0.5095,0.51776,0.50316,14623807.35539064
2018-11-11 08:00:00,0.5093,0.51004,0.5121,0.49775,15734234.0023223
2018-11-12 08:00:00,0.50989,0.52403,0.5352,0.50519,42086906.83668888
2018-11-13 08:00:00,0.52396,0.51738,0.53429,0.51147,46545708.31505229
2018-11-14 08:00:00,0.5173,0.48448,0.52,0.4153,144539036.7208631
2018-11-15 08:00:00,0.48403,0.48964,0.49489,0.4326,115971256.03493626
2018-11-16 08:00:00,0.48955,0.47806,0.495,0.465,48874276.42953509
2018-11-17 08:00:00,0.47815,0.4981,0.5048,0.46994,40676278.45564655
2018-11-18 08:00:00,0.49789,0.51573,0.53127,0.49511,66122230.49372138
2018-11-19 08:00:00,0.5159,0.4826,0.5159,0.46618,141534144.04458684
2018-11-20 08:00:00,0.4831,0.44333,0.50888,0.41184,192250392.85499567
2018-11-21 08:00:00,0.44395,0.45341,0.469,0.41803,66341555.75247059
2018-11-22 08:00:00,0.4537,0.42749,0.4571,0.425,27891934.62680828
2018-11-23 08:00:00,0.42698,0.4147,0.43417,0.39866,64641095.10940774
2018-11-24 08:00:00,0.41461,0.38021,0.42873,0.3687,89129874.99931338
2018-11-25 08:00:00,0.38,0.38272,0.39629,0.329,188412800.78887078
2018-11-26 08:00:00,0.382,0.3639,0.3989,0.34607,135371903.40215063
2018-11-27 08:00:00,0.36341,0.36618,0.37922,0.3466,70266510.82190679
2018-11-28 08:00:00,0.36606,0.39499,0.40794,0.36606,73597628.65247092
2018-11-29 08:00:00,0.39557,0.38331,0.39845,0.3726,64180067.25019804
2018-11-30 08:00:00,0.38399,0.36555,0.38575,0.35517,49912223.53109271
2018-12-01 08:00:00,0.36518,0.37701,0.38305,0.3579,32915659.20255881
2018-12-02 08:00:00,0.37672,0.37191,0.38585,0.3666,31316052.48102495
2018-12-03 08:00:00,0.37191,0.34986,0.37252,0.34631,39687749.82576227
2018-12-04 08:00:00,0.34941,0.35483,0.36851,0.34,40098815.08385808
2018-12-05 08:00:00,0.35421,0.33953,0.3558,0.33792,46786698.94380777
2018-12-06 08:00:00,0.3389,0.31065,0.34811,0.3065,62948775.32422339
2018-12-07 08:00:00,0.31079,0.30582,0.3196,0.29225,68179487.78328481
2018-12-08 08:00:00,0.3057,0.31073,0.34078,0.29408,54779488.32495381
2018-12-09 08:00:00,0.31059,0.31697,0.3295,0.30476,29363793.48765297
2018-12-10 08:00:00,0.31725,0.3075,0.32178,0.3002,24915210.04985979
2018-12-11 08:00:00,0.3074,0.30391,0.31901,0.299,22703623.63227348
2018-12-12 08:00:00,0.304,0.31293,0.31858,0.30195,19910422.61658386
2018-12-13 08:00:00,0.31275,0.30409,0.31386,0.30032,20675428.0478704
2018-12-14 08:00:00,0.30407,0.29382,0.30549,0.28804,27974721.38305591
2018-12-15 08:00:00,0.29382,0.29043,0.29717,0.28534,15518325.25015226
2018-12-16 08:00:00,0.29032,0.29307,0.30484,0.29031,20959201.1369304
2018-12-17 08:00:00,0.29296,0.33814,0.34895,0.29073,52871712.06664203
2018-12-18 08:00:00,0.33809,0.36182,0.36183,0.33151,51656487.98784813
2018-12-19 08:00:00,0.36182,0.35786,0.4062,0.35343,91922933.29475431
2018-12-20 08:00:00,0.35794,0.38736,0.40181,0.353,73044780.53404377
2018-12-21 08:00:00,0.38781,0.36663,0.39865,0.36,51975367.65713824
2018-12-22 08:00:00,0.36663,0.37303,0.37694,0.35534,27752917.81648225
2018-12-23 08:00:00,0.37273,0.37995,0.39652,0.37056,40646657.93071373
2018-12-24 08:00:00,0.37999,0.4137,0.46669,0.3797,123504534.89127226
2018-12-25 08:00:00,0.4144,0.39234,0.41709,0.37347,54390086.29563145
2018-12-26 08:00:00,0.39287,0.38774,0.40503,0.36613,42590435.50100148
2018-12-27 08:00:00,0.38804,0.34773,0.38989,0.33872,30456365.11451133
2018-12-28 08:00:00,0.34773,0.38982,0.3959,0.34288,46366981.93810163
2018-12-29 08:00:00,0.38982,0.37556,0.39958,0.37001,39992748.71824851
2018-12-30 08:00:00,0.37546,0.38236,0.38268,0.36847,24299170.35600235
2018-12-31 08:00:00,0.38237,0.36131,0.38961,0.35616,42826976.6230429
2019-01-01 08:00:00,0.36131,0.37719,0.37736,0.35778,23748034.93902788
2019-01-02 08:00:00,0.3772,0.38683,0.39307,0.36967,26745684.63990103
2019-01-03 08:00:00,0.38694,0.36734,0.3876,0.36359,19211794.21235785
2019-01-04 08:00:00,0.3677,0.36855,0.37434,0.3584,20900046.95391663
2019-01-05 08:00:00,0.36856,0.3611,0.37823,0.35014,28771292.58317994
2019-01-06 08:00:00,0.361,0.3768,0.38498,0.35442,34540242.49901723
2019-01-07 08:00:00,0.3768,0.37349,0.38608,0.36812,17252576.35394223
2019-01-08 08:00:00,0.3734,0.37428,0.3825,0.36656,25054244.82962333
2019-01-09 08:00:00,0.37429,0.37601,0.3799,0.36361,26263150.36919455
2019-01-10 08:00:00,0.37601,0.33603,0.405,0.32303,83589208.04724076
2019-01-11 08:00:00,0.33631,0.33597,0.34495,0.33018,16100660.12137213
2019-01-12 08:00:00,0.33599,0.33568,0.341,0.3322,9832978.01673558
2019-01-13 08:00:00,0.33568,0.32183,0.341,0.31819,20726847.45180591
2019-01-14 08:00:00,0.32164,0.3397,0.34788,0.32121,27503200.32862034
2019-01-15 08:00:00,0.33961,0.33123,0.34312,0.32623,17906289.94451561
2019-01-16 08:00:00,0.33123,0.33318,0.34188,0.3289,13985687.99159349
2019-01-17 08:00:00,0.33368,0.33457,0.33788,0.3265,16514914.37902817
2019-01-18 08:00:00,0.33425,0.32757,0.33513,0.32366,12110580.14388203
2019-01-19 08:00:00,0.32758,0.33531,0.34994,0.32758,26642270.72627696
2019-01-20 08:00:00,0.3354,0.32131,0.33797,0.31545,22763019.75769555
2019-01-21 08:00:00,0.32141,0.32213,0.3271,0.31726,10982174.38450992
2019-01-22 08:00:00,0.3223,0.324,0.32708,0.31,18991136.77651981
2019-01-23 08:00:00,0.3236,0.32046,0.32586,0.318,8917699.6302341
2019-01-24 08:00:00,0.32026,0.3231,0.32612,0.318,10401775.05977605
2019-01-25 08:00:00,0.32314,0.31949,0.32467,0.31445,8894688.20619873
2019-01-26 08:00:00,0.31943,0.3185,0.32529,0.3185,8655511.02705655
2019-01-27 08:00:00,0.3185,0.31019,0.31919,0.30688,13372613.16087636
2019-01-28 08:00:00,0.31,0.2977,0.31159,0.28625,31193342.53468081
2019-01-29 08:00:00,0.2976,0.29254,0.2997,0.28524,17910868.6349003
2019-01-30 08:00:00,0.29238,0.32745,0.33298,0.28955,49330597.32234063
2019-01-31 08:00:00,0.32742,0.31544,0.3428,0.30809,49070360.00211426
2019-02-01 08:00:00,0.31582,0.31253,0.31741,0.3008,26083292.97197421
2019-02-02 08:00:00,0.31253,0.3157,0.31884,0.30743,18111857.02372523
2019-02-03 08:00:00,0.31583,0.3059,0.31768,0.30115,18787098.04991311
2019-02-04 08:00:00,0.3057,0.30148,0.30939,0.29816,12609726.62691216
2019-02-05 08:00:00,0.30148,0.3034,0.30604,0.29918,8865283.80617264
2019-02-06 08:00:00,0.3037,0.29389,0.30462,0.291,16115222.13573606
2019-02-07 08:00:00,0.2939,0.29497,0.29896,0.29381,8770055.03091001
2019-02-08 08:00:00,0.295,0.31746,0.3259,0.29266,35702296.21457618
2019-02-09 08:00:00,0.31744,0.31724,0.32144,0.31201,12435908.193193961
2019-02-10 08:00:00,0.317,0.31558,0.31731,0.30366,14936775.98517161
2019-02-11 08:00:00,0.31558,0.30694,0.31559,0.30601,11515779.77327772
2019-02-12 08:00:00,0.30717,0.31086,0.31428,0.301,16953693.9278956
2019-02-13 08:00:00,0.31086,0.30905,0.3189,0.30535,20552439.40773595
2019-02-14 08:00:00,0.30906,0.30643,0.31157,0.30537,9323248.16085166
2019-02-15 08:00:00,0.30642,0.3069,0.31292,0.30338,12568288.6481712
2019-02-16 08:00:00,0.3069,0.30565,0.3095,0.30459,8799997.02932239
2019-02-17 08:00:00,0.3055,0.3085,0.315,0.30149,20476633.73076193
2019-02-18 08:00:00,0.3085,0.32855,0.33753,0.30658,52550431.21536114
2019-02-19 08:00:00,0.32872,0.32906,0.35499,0.32564,54699268.56344882
2019-02-20 08:00:00,0.32904,0.33767,0.34216,0.32363,25221858.88609427
2019-02-21 08:00:00,0.3377,0.32649,0.34118,0.32277,24077384.48786951
2019-02-22 08:00:00,0.3266,0.32841,0.33111,0.32018,22824403.48317727
2019-02-23 08:00:00,0.32861,0.34046,0.34291,0.32402,26247498.44370514
2019-02-24 08:00:00,0.34042,0.30391,0.35178,0.29952,61148561.75213652
2019-02-25 08:00:00,0.3039,0.33533,0.34744,0.30374,52833614.60985766
2019-02-26 08:00:00,0.33533,0.32371,0.34277,0.32024,31266644.53067507
2019-02-27 08:00:00,0.3238,0.3177,0.32723,0.30557,28917535.46334011
2019-02-28 08:00:00,0.31754,0.3208,0.32532,0.31412,24284916.38339356
2019-03-01 08:00:00,0.3205,0.3233,0.33192,0.3187,20152114.20507244
2019-03-02 08:00:00,0.3233,0.3214,0.3252,0.3168,13034583.36851457
2019-03-03 08:00:00,0.3213,0.31756,0.32299,0.31398,11120127.62360317
2019-03-04 08:00:00,0.31755,0.3091,0.31914,0.30457,17011456.57789843
2019-03-05 08:00:00,0.3091,0.32269,0.32556,0.30716,18570460.46061582
2019-03-06 08:00:00,0.3227,0.3236,0.32948,0.31683,19355570.90136841
2019-03-07 08:00:00,0.32368,0.32018,0.3268,0.31917,11379033.093208151
2019-03-08 08:00:00,0.32018,0.31444,0.3232,0.31015,15604268.07605753
2019-03-09 08:00:00,0.31427,0.32019,0.3249,0.31292,13223561.08359898
2019-03-10 08:00:00,0.3201,0.31919,0.32451,0.3145,11143627.62843087
2019-03-11 08:00:00,0.31918,0.31646,0.32076,0.31276,17489153.66357326
2019-03-12 08:00:00,0.31647,0.3166,0.31776,0.31127,10855417.41145335
2019-03-13 08:00:00,0.3166,0.32012,0.33265,0.31344,25967827.07441557
2019-03-14 08:00:00,0.31995,0.31728,0.323,0.29521,22669219.49111646
2019-03-15 08:00:00,0.31721,0.32106,0.32413,0.31657,13468669.59677856
2019-03-16 08:00:00,0.32121,0.32549,0.32977,0.32042,18186100.75213771
2019-03-17 08:00:00,0.3255,0.32256,0.32588,0.321,7730799.00295742
2019-03-18 08:00:00,0.32259,0.32155,0.32666,0.31837,14269871.20331544
2019-03-19 08:00:00,0.32155,0.32314,0.32384,0.31942,6161263.2222671
2019-03-20 08:00:00,0.32313,0.32485,0.32937,0.3177,15070232.53432888
2019-03-21 08:00:00,0.3248,0.31499,0.326,0.30818,17235847.91824506
2019-03-22 08:00:00,0.31499,0.31497,0.31753,0.31179,7165852.68794568
2019-03-23 08:00:00,0.31469,0.316,0.3175,0.31339,4278483.56857784
2019-03-24 08:00:00,0.31584,0.31174,0.31596,0.3074,10023548.38776664
2019-03-25 08:00:00,0.31171,0.30592,0.31236,0.30313,9726428.36144018
2019-03-26 08:00:00,0.30592,0.30699,0.30699,0.2985,12772063.04471364
2019-03-27 08:00:00,0.3067,0.31455,0.31599,0.30435,16228402.21027036
2019-03-28 08:00:00,0.31455,0.31135,0.31483,0.30886,8987805.50545824
2019-03-29 08:00:00,0.31127,0.31342,0.31579,0.30906,16493816.09852731
2019-03-30 08:00:00,0.31339,0.31629,0.32392,0.31252,19705910.34142037
2019-03-31 08:00:00,0.31602,0.31398,0.31647,0.31096,10314946.35733324
2019-04-01 08:00:00,0.31397,0.31722,0.31922,0.31223,11007437.22733133
2019-04-02 08:00:00,0.31715,0.35542,0.36226,0.3159,79185791.9732979
2019-04-03 08:00:00,0.3555,0.34271,0.375,0.32831,97970079.8155605
2019-04-04 08:00:00,0.34269,0.33304,0.35148,0.32759,40852410.67054637
2019-04-05 08:00:00,0.33303,0.36635,0.38353,0.33303,76030914.70304196
2019-04-06 08:00:00,0.36705,0.35619,0.36851,0.3516,36499834.88106665
2019-04-07 08:00:00,0.35597,0.367,0.371,0.35472,24385642.03288578
2019-04-08 08:00:00,0.36701,0.36073,0.3744,0.34992,28714583.7607573
2019-04-09 08:00:00,0.36111,0.35212,0.36111,0.35033,12301398.89643787
2019-04-10 08:00:00,0.35212,0.3535,0.36303,0.34006,33359052.37353624
2019-04-11 08:00:00,0.35339,0.32976,0.35394,0.32265,32570950.6048341
2019-04-12 08:00:00,0.33005,0.32765,0.33242,0.31795,16174138.93352849
2019-04-13 08:00:00,0.32765,0.3286,0.33953,0.32403,12656795.85901999
2019-04-14 08:00:00,0.3286,0.3316,0.33414,0.32451,7654113.79403426
2019-04-15 08:00:00,0.33165,0.32,0.33534,0.31232,19488881.35948162
2019-04-16 08:00:00,0.31977,0.32778,0.329,0.31727,11571116.02264549
2019-04-17 08:00:00,0.32782,0.33812,0.34467,0.32302,39930740.91724685
2019-04-18 08:00:00,0.3378,0.33921,0.3499,0.336,17928699.21260538
2019-04-19 08:00:00,0.33895,0.33365,0.339,0.32902,11089734.50724701
2019-04-20 08:00:00,0.33386,0.32979,0.33694,0.32451,10504966.72158942
2019-04-21 08:00:00,0.32962,0.32359,0.33164,0.31859,13525877.63594846
2019-04-22 08:00:00,0.3235,0.32548,0.33427,0.32087,14696735.60150588
2019-04-23 08:00:00,0.3255,0.32141,0.33135,0.32101,15882547.85925938
2019-04-24 08:00:00,0.3214,0.3029,0.32292,0.28972,48087031.21686467
2019-04-25 08:00:00,0.3029,0.291,0.3092,0.28248,28362736.75276258
2019-04-26 08:00:00,0.29077,0.3092,0.31149,0.28799,30630376.60095718
2019-04-27 08:00:00,0.3092,0.30575,0.31097,0.30259,8136996.78450729
2019-04-28 08:00:00,0.30548,0.30952,0.31397,0.30404,10576766.71044282
2019-04-29 08:00:00,0.3094,0.30712,0.31257,0.29893,14624840.5311375
2019-04-30 08:00:00,0.30678,0.32488,0.328,0.30527,20498826.69928258
2019-05-01 08:00:00,0.32489,0.31724,0.327,0.31366,10951139.03067574
2019-05-02 08:00:00,0.31736,0.31547,0.322,0.31392,11329022.2173458
2019-05-03 08:00:00,0.31537,0.32134,0.3267,0.31228,16058925.72630011
2019-05-04 08:00:00,0.3214,0.31711,0.33274,0.31091,13607845.61741245
2019-05-05 08:00:00,0.31711,0.31437,0.31964,0.3122,4611792.99397474
2019-05-06 08:00:00,0.3146,0.31771,0.32337,0.30926,9007767.038442
2019-05-07 08:00:00,0.31812,0.31182,0.32303,0.311,9418838.37338305
2019-05-08 08:00:00,0.31182,0.31028,0.31425,0.3075,7914573.3366889
2019-05-09 08:00:00,0.31053,0.2991,0.31239,0.29697,10968938.50490981
2019-05-10 08:00:00,0.29909,0.30152,0.30576,0.2942,11820415.44599548
2019-05-11 08:00:00,0.30152,0.31831,0.33815,0.29708,47054849.27457953
2019-05-12 08:00:00,0.31834,0.31105,0.32698,0.30682,30822637.12936863
2019-05-13 08:00:00,0.31095,0.32268,0.32899,0.30803,31624161.95864623
2019-05-14 08:00:00,0.32279,0.4054,0.41992,0.3207,187136113.33756414
2019-05-15 08:00:00,0.4054,0.45515,0.46495,0.40473,108685039.87381755
2019-05-16 08:00:00,0.45524,0.41808,0.47869,0.39536,105921759.18221319
2019-05-17 08:00:00,0.4184,0.39188,0.42265,0.36226,76178592.5067464
2019-05-18 08:00:00,0.39199,0.3718,0.39697,0.36423,27204217.49965459
2019-05-19 08:00:00,0.37177,0.418,0.42929,0.3701,56881873.07126287
2019-05-20 08:00:00,0.41795,0.39917,0.41795,0.3801,40166529.44214508
2019-05-21 08:00:00,0.39939,0.39646,0.409,0.38852,23364059.62460904
2019-05-22 08:00:00,0.39647,0.37125,0.4127,0.36621,38238842.68851937
2019-05-23 08:00:00,0.37162,0.38031,0.38397,0.35927,19666229.87670572
2019-05-24 08:00:00,0.38045,0.38377,0.3956,0.372,28792026.55096933
2019-05-25 08:00:00,0.38369,0.386,0.39543,0.38138,12334441.59325492
2019-05-26 08:00:00,0.38608,0.40924,0.41829,0.376,28433035.27007058
2019-05-27 08:00:00,0.40938,0.43583,0.44889,0.40838,52892963.31618573
2019-05-28 08:00:00,0.43604,0.449,0.46222,0.41842,59332525.95617769
2019-05-29 08:00:00,0.449,0.44506,0.45877,0.42375,50396864.55140735
2019-05-30 08:00:00,0.44531,0.41871,0.47478,0.4,94584628.68346725
2019-05-31 08:00:00,0.41871,0.43763,0.43914,0.407,26829012.83947572
2019-06-01 08:00:00,0.43754,0.42873,0.44093,0.41775,27665445.81332178
2019-06-02 08:00:00,0.42868,0.44455,0.44751,0.4275,26735642.4625141
2019-06-03 08:00:00,0.4447,0.41676,0.46582,0.41575,55146461.75373836
2019-06-04 08:00:00,0.41629,0.39913,0.41788,0.38377,52633956.34192102
2019-06-05 08:00:00,0.3993,0.40073,0.40726,0.38829,19764737.26673317
2019-06-06 08:00:00,0.4005,0.42041,0.4282,0.3912,29557086.90006688
2019-06-07 08:00:00,0.42065,0.42053,0.4332,0.41473,26448138.98932231
2019-06-08 08:00:00,0.42053,0.40848,0.42365,0.4045,13077754.86968863
2019-06-09 08:00:00,0.40826,0.38525,0.4119,0.3699,26571626.30645963
2019-06-10 08:00:00,0.38524,0.40165,0.40469,0.38014,23678502.74683842
2019-06-11 08:00:00,0.4016,0.39321,0.40369,0.3835,19993650.07931415
2019-06-12 08:00:00,0.3933,0.40304,0.40431,0.38901,19717226.52746517
2019-06-13 08:00:00,0.40319,0.39957,0.4107,0.39667,14419838.42786562
2019-06-14 08:00:00,0.39953,0.40363,0.40487,0.39162,20945222.78962977
2019-06-15 08:00:00,0.40343,0.41155,0.41499,0.40098,23983119.5187761
2019-06-16 08:00:00,0.41161,0.42838,0.444,0.40787,51590962.42493268
2019-06-17 08:00:00,0.42841,0.44893,0.46361,0.42604,50764197.22492326
2019-06-18 08:00:00,0.44893,0.42724,0.457,0.41874,61871348.08580349
2019-06-19 08:00:00,0.42746,0.43638,0.43983,0.425,27157841.23370746
2019-06-20 08:00:00,0.43627,0.43147,0.43784,0.42117,20868845.26945553
2019-06-21 08:00:00,0.43195,0.4461,0.45123,0.43133,32366100.2482021
2019-06-22 08:00:00,0.44611,0.478,0.51,0.44322,113311377.54801986
2019-06-23 08:00:00,0.47801,0.47086,0.49328,0.46506,58784767.13630462
2019-06-24 08:00:00,0.47046,0.47402,0.47627,0.44627,46342563.06575647
2019-06-25 08:00:00,0.47425,0.46567,0.47778,0.45215,38806481.98776685
2019-06-26 08:00:00,0.46527,0.45935,0.49342,0.44374,71189022.31313515
2019-06-27 08:00:00,0.45961,0.40589,0.46433,0.39,102515729.91977322
2019-06-28 08:00:00,0.40593,0.42361,0.42381,0.39866,26910411.25004666
2019-06-29 08:00:00,0.42341,0.42611,0.42943,0.401,28469798.389130995
2019-06-30 08:00:00,0.42595,0.3943,0.4287,0.393,25400945.113737132
2019-07-01 08:00:00,0.3943,0.40806,0.41971,0.39013,25451176.262972694
2019-07-02 08:00:00,0.40798,0.39991,0.41187,0.38414,26298105.601950295
2019-07-03 08:00:00,0.40003,0.40536,0.40752,0.39599,15156796.126130527
2019-07-04 08:00:00,0.406,0.38787,0.40659,0.3857,12814030.305117702
2019-07-05 08:00:00,0.38781,0.37948,0.3892,0.37405,16316851.470452487
2019-07-06 08:00:00,0.37986,0.39155,0.41113,0.37936,19316799.39916419
2019-07-07 08:00:00,0.39149,0.39885,0.40172,0.3882,13343353.237365384
2019-07-08 08:00:00,0.39883,0.403,0.405,0.39331,11533269.647661038
2019-07-09 08:00:00,0.40247,0.39437,0.40827,0.38958,18715661.8631279
2019-07-10 08:00:00,0.3944,0.36104,0.39872,0.34421,50713856.38105171
2019-07-11 08:00:00,0.36103,0.32876,0.36276,0.316,41516261.03657859
2019-07-12 08:00:00,0.32876,0.34339,0.35017,0.32,30346834.27521159
2019-07-13 08:00:00,0.34345,0.3309,0.34413,0.323,21740276.06145827
2019-07-14 08:00:00,0.33041,0.30422,0.33435,0.29819,32596157.82383006
2019-07-15 08:00:00,0.30381,0.31216,0.32276,0.29431,39219608.13283092
2019-07-16 08:00:00,0.31218,0.29435,0.31878,0.2825,36936326.28677905
2019-07-17 08:00:00,0.295,0.31071,0.32325,0.2916,41249302.56747994
2019-07-18 08:00:00,0.31071,0.32033,0.32618,0.30248,22387037.17470562
2019-07-19 08:00:00,0.32025,0.31941,0.32244,0.31,17960886.34079257
2019-07-20 08:00:00,0.31939,0.33278,0.34097,0.31822,21068141.57912204
2019-07-21 08:00:00,0.3327,0.33044,0.33501,0.3197,16228742.36397508
2019-07-22 08:00:00,0.33042,0.32076,0.33214,0.31446,15177418.39894558
2019-07-23 08:00:00,0.32018,0.30799,0.32028,0.30573,15790242.61227146
2019-07-24 08:00:00,0.30833,0.31575,0.31863,0.30259,13258901.82611071
2019-07-25 08:00:00,0.31546,0.31358,0.324,0.31167,11692550.48563554
2019-07-26 08:00:00,0.31358,0.32342,0.32534,0.3075,10100749.96047533
2019-07-27 08:00:00,0.32338,0.30945,0.32836,0.30398,18449727.68715909
2019-07-28 08:00:00,0.30929,0.3114,0.31495,0.29884,11332016.3075858
2019-07-29 08:00:00,0.3115,0.30991,0.31434,0.3054,6235276.29011243
2019-07-30 08:00:00,0.30991,0.3186,0.32183,0.30607,8582088.80683634
2019-07-31 08:00:00,0.31873,0.31996,0.32382,0.31541,9444887.95658474
2019-08-01 08:00:00,0.31996,0.3163,0.32,0.3125,6061546.95929286
2019-08-02 08:00:00,0.3163,0.311,0.31821,0.3087,6771920.29604091
2019-08-03 08:00:00,0.31134,0.31595,0.31771,0.31074,7440465.36839701
2019-08-04 08:00:00,0.31601,0.31921,0.32341,0.31243,12238392.52194911
2019-08-05 08:00:00,0.31921,0.3224,0.33196,0.31921,17710738.72012582
2019-08-06 08:00:00,0.32258,0.31155,0.32494,0.3075,15740629.29594216
2019-08-07 08:00:00,0.31133,0.31175,0.3161,0.3058,10679432.92971106
2019-08-08 08:00:00,0.3118,0.30915,0.3123,0.30514,8779054.55955874
2019-08-09 08:00:00,0.30922,0.29716,0.31016,0.29018,14674574.57355539
2019-08-10 08:00:00,0.29721,0.29939,0.30632,0.29114,13854097.09170075
2019-08-11 08:00:00,0.2994,0.3034,0.30674,0.29552,7524411.03521117
2019-08-12 08:00:00,0.30345,0.30081,0.30563,0.29801,4200437.69354031
2019-08-13 08:00:00,0.30087,0.29802,0.30133,0.293,9117807.67216091
2019-08-14 08:00:00,0.29835,0.2639,0.29896,0.2365,82132223.83419068
2019-08-15 08:00:00,0.26373,0.2647,0.26917,0.2492,33389015.93685611
2019-08-16 08:00:00,0.26462,0.26123,0.26567,0.2551,16511290.66841747
2019-08-17 08:00:00,0.26122,0.26569,0.27041,0.25876,19699706.0236308
2019-08-18 08:00:00,0.26583,0.28411,0.29354,0.26412,34788133.98878461
2019-08-19 08:00:00,0.2841,0.28243,0.29158,0.27604,25676851.42555588
2019-08-20 08:00:00,0.28268,0.2747,0.28302,0.27022,11736588.94687957
2019-08-21 08:00:00,0.27504,0.2664,0.27504,0.25841,13809691.96150193
2019-08-22 08:00:00,0.26638,0.27111,0.27452,0.26062,11227711.31340216
2019-08-23 08:00:00,0.2708,0.2774,0.27872,0.26777,10155950.58606441
2019-08-24 08:00:00,0.27751,0.27206,0.27815,0.26384,10024083.66180025
2019-08-25 08:00:00,0.27205,0.26968,0.27683,0.26585,12199955.20015943
2019-08-26 08:00:00,0.26927,0.2704,0.28066,0.2675,12551707.88733775
2019-08-27 08:00:00,0.2704,0.26967,0.27072,0.26335,9787831.35859343
2019-08-28 08:00:00,0.2694,0.25658,0.26982,0.245,18763433.62150426
2019-08-29 08:00:00,0.25652,0.2573,0.2631,0.24807,15471704.77372152
2019-08-30 08:00:00,0.25749,0.25598,0.25778,0.2533,8176799.24547791
2019-08-31 08:00:00,0.25603,0.25861,0.26101,0.25357,6178355.67201975
2019-09-01 08:00:00,0.25861,0.25696,0.25971,0.25116,8164411.49316029
2019-09-02 08:00:00,0.2571,0.26158,0.26485,0.25373,13569842.71403975
2019-09-03 08:00:00,0.26166,0.26347,0.26732,0.2586,10327813.6109067
2019-09-04 08:00:00,0.2634,0.25914,0.26346,0.25701,12743465.5377126
2019-09-05 08:00:00,0.259,0.25655,0.26006,0.254,11420510.83003453
2019-09-06 08:00:00,0.25655,0.2518,0.25962,0.2475,10817948.73893167
2019-09-07 08:00:00,0.25141,0.26087,0.26403,0.25054,9383510.48793999
2019-09-08 08:00:00,0.26061,0.26296,0.26698,0.25659,9678086.82752913
2019-09-09 08:00:00,0.26279,0.25919,0.26556,0.25741,9559529.92895287
2019-09-10 08:00:00,0.25926,0.25871,0.26419,0.254,5340190.49725115
2019-09-11 08:00:00,0.2588,0.25568,0.26144,0.25108,8583966.52494667
2019-09-12 08:00:00,0.25586,0.25512,0.25735,0.25162,7194138.63749781
2019-09-13 08:00:00,0.25475,0.25615,0.25669,0.25265,6769959.18696771
2019-09-14 08:00:00,0.2565,0.26251,0.266,0.25465,13170249.44568586
2019-09-15 08:00:00,0.26261,0.26114,0.265,0.25915,6484398.46409848
2019-09-16 08:00:00,0.261,0.26253,0.264,0.25726,8863701.2192682
2019-09-17 08:00:00,0.26241,0.28611,0.29887,0.26062,54353951.69378264
2019-09-18 08:00:00,0.2861,0.31428,0.32732,0.28596,63411778.19346529
2019-09-19 08:00:00,0.31414,0.30209,0.31414,0.28238,56215208.06236489
2019-09-20 08:00:00,0.30261,0.29455,0.30334,0.28432,17276290.5994583
2019-09-21 08:00:00,0.29455,0.29054,0.29843,0.28701,10661175.59884144
2019-09-22 08:00:00,0.29039,0.2772,0.2905,0.26853,21863936.0820625
2019-09-23 08:00:00,0.27718,0.26785,0.28725,0.26611,24787776.69221744
2019-09-24 08:00:00,0.26824,0.23377,0.2731,0.21262,82460927.60534865
2019-09-25 08:00:00,0.23399,0.2466,0.25073,0.23241,37282397.17303556
2019-09-26 08:00:00,0.247,0.24364,0.25073,0.22892,25482610.75720433
2019-09-27 08:00:00,0.24363,0.24295,0.24797,0.23404,16750435.67565557
2019-09-28 08:00:00,0.24308,0.243,0.24562,0.23875,9451798.05029624
2019-09-29 08:00:00,0.2431,0.24114,0.24354,0.2348,10402564.99431465
2019-09-30 08:00:00,0.24119,0.25826,0.263,0.2362,32713242.95481012
2019-10-01 08:00:00,0.258,0.24888,0.26186,0.24594,23369162.95427604
2019-10-02 08:00:00,0.24889,0.25394,0.256,0.2456,16479588.52164466
2019-10-03 08:00:00,0.2543,0.24767,0.25472,0.2425,12960920.3933703
2019-10-04 08:00:00,0.248,0.25362,0.25785,0.24529,11890775.26774452
2019-10-05 08:00:00,0.25343,0.25434,0.25771,0.24552,35722356.44911608
2019-10-06 08:00:00,0.25434,0.25633,0.25726,0.25161,15448466.3224646
2019-10-07 08:00:00,0.25621,0.2768,0.28265,0.25424,41662047.85711589
2019-10-08 08:00:00,0.2772,0.2787,0.28667,0.27222,25466802.37173081
2019-10-09 08:00:00,0.27858,0.28202,0.28898,0.27475,20565237.68233129
2019-10-10 08:00:00,0.28202,0.2717,0.2831,0.26622,13173977.3835349
2019-10-11 08:00:00,0.27171,0.26818,0.27634,0.2654,13321703.95965698
2019-10-12 08:00:00,0.2681,0.27304,0.27798,0.2679,7667752.73693142
2019-10-13 08:00:00,0.27307,0.27786,0.28258,0.27201,10990710.33912187
2019-10-14 08:00:00,0.27784,0.29811,0.29915,0.27701,24259042.63309106
2019-10-15 08:00:00,0.29817,0.28882,0.3,0.28316,16835226.63169262
2019-10-16 08:00:00,0.28946,0.28436,0.29276,0.27919,14964285.9608249
2019-10-17 08:00:00,0.28436,0.30237,0.30478,0.28057,22074124.69685654
2019-10-18 08:00:00,0.30249,0.29519,0.30276,0.28552,19236362.1193952
2019-10-19 08:00:00,0.2954,0.29307,0.30094,0.28856,11140638.61165017
2019-10-20 08:00:00,0.29276,0.29521,0.29773,0.283,17912457.15199316
2019-10-21 08:00:00,0.2955,0.2938,0.29559,0.29,9388139.78498732
2019-10-22 08:00:00,0.2938,0.2915,0.30377,0.28966,17736223.36157258
2019-10-23 08:00:00,0.29181,0.27402,0.29254,0.25012,47058052.8344604
2019-10-24 08:00:00,0.2735,0.27705,0.281,0.26677,16670559.11850909
2019-10-25 08:00:00,0.27706,0.29941,0.31,0.27514,42655916.77683883
2019-10-26 08:00:00,0.29941,0.29497,0.31533,0.28444,39402843.87646065
2019-10-27 08:00:00,0.295,0.2997,0.30344,0.291,15458327.79840974
2019-10-28 08:00:00,0.2997,0.29531,0.30648,0.29451,10252748.03550789
2019-10-29 08:00:00,0.29516,0.30276,0.31018,0.29512,15679221.7808325
2019-10-30 08:00:00,0.30278,0.29563,0.307,0.29089,8892919.656057259
2019-10-31 08:00:00,0.29604,0.2957,0.29931,0.28886,8575906.32214521
2019-11-01 08:00:00,0.29554,0.29312,0.29571,0.286,8522137.08488837
2019-11-02 08:00:00,0.29329,0.29599,0.29947,0.29329,13168640.22703037
2019-11-03 08:00:00,0.29625,0.29119,0.29738,0.28909,11496646.91565506
2019-11-04 08:00:00,0.29133,0.3005,0.30192,0.29007,12851561.88124527
2019-11-05 08:00:00,0.30048,0.3016,0.30663,0.29611,16171018.74866236
2019-11-06 08:00:00,0.30163,0.3109,0.3141,0.29778,17939851.519333
2019-11-07 08:00:00,0.31081,0.29071,0.315,0.27406,42908372.08397669
2019-11-08 08:00:00,0.29071,0.27613,0.29154,0.271,28554001.78457618
2019-11-09 08:00:00,0.276,0.28028,0.28243,0.27501,12029540.08272717
2019-11-10 08:00:00,0.28035,0.27978,0.28484,0.27712,13298608.96617749
2019-11-11 08:00:00,0.27978,0.2747,0.28152,0.27024,19621567.42118106
2019-11-12 08:00:00,0.27465,0.27249,0.27661,0.268,20289673.76241427
2019-11-13 08:00:00,0.27272,0.27295,0.27588,0.27084,9500139.60482268
2019-11-14 08:00:00,0.27287,0.26869,0.27466,0.26387,19783789.58720754
2019-11-15 08:00:00,0.26824,0.26112,0.27,0.25301,25322533.98106903
2019-11-16 08:00:00,0.26088,0.26325,0.2648,0.25918,6037423.05317917
2019-11-17 08:00:00,0.26323,0.26409,0.26708,0.25977,9402178.42173638
2019-11-18 08:00:00,0.2641,0.25245,0.26424,0.242,20039390.8668429
2019-11-19 08:00:00,0.25246,0.25486,0.25756,0.24402,22432140.69441814
2019-11-20 08:00:00,0.25501,0.2508,0.25933,0.24899,15384094.88111851
2019-11-21 08:00:00,0.2508,0.24501,0.25424,0.23669,19335501.68285053
2019-11-22 08:00:00,0.24501,0.23126,0.24707,0.22249,35336040.62409803
2019-11-23 08:00:00,0.23117,0.23557,0.237,0.22683,17044710.14454445
2019-11-24 08:00:00,0.23557,0.22191,0.23647,0.22022,37191662.73665718
2019-11-25 08:00:00,0.22192,0.2186,0.22693,0.20256,79833792.1737485
2019-11-26 08:00:00,0.21861,0.22161,0.223,0.2147,21561149.90616609
2019-11-27 08:00:00,0.22168,0.22499,0.23062,0.21402,18688577.84932485
2019-11-28 08:00:00,0.22499,0.22403,0.23082,0.22383,9742162.06581932
2019-11-29 08:00:00,0.22425,0.2315,0.234,0.22365,7165818.06783594
2019-11-30 08:00:00,0.23177,0.2267,0.23349,0.22491,5374943.03115758
2019-12-01 08:00:00,0.2267,0.2263,0.22688,0.21991,7171366.34824502
2019-12-02 08:00:00,0.2266,0.22074,0.22767,0.21866,9600801.93354983
2019-12-03 08:00:00,0.22084,0.22079,0.22383,0.21922,5868269.82066785
2019-12-04 08:00:00,0.22077,0.21521,0.22751,0.2112,23583174.51346969
2019-12-05 08:00:00,0.21529,0.22289,0.22722,0.21278,38137207.08072332
2019-12-06 08:00:00,0.22288,0.22742,0.22856,0.22034,27033960.85262611
2019-12-07 08:00:00,0.2274,0.22883,0.22973,0.22462,22819679.33773794
2019-12-08 08:00:00,0.22891,0.23101,0.23387,0.22558,20393004.35761078
2019-12-09 08:00:00,0.231,0.2255,0.23232,0.22192,16640826.24211754
2019-12-10 08:00:00,0.22535,0.22384,0.22645,0.21977,7991834.0968207
2019-12-11 08:00:00,0.22357,0.2216,0.22475,0.2208,7079493.36637524
2019-12-12 08:00:00,0.2218,0.21944,0.2237,0.21746,8447848.60848924
2019-12-13 08:00:00,0.21944,0.2216,0.22177,0.21619,6693157.99790594
2019-12-14 08:00:00,0.22162,0.21728,0.22163,0.2155,4924377.00471679
2019-12-15 08:00:00,0.21729,0.21834,0.22039,0.21554,4413976.61084087
2019-12-16 08:00:00,0.21834,0.2067,0.21835,0.20336,13612144.43095886
2019-12-17 08:00:00,0.20647,0.18426,0.20675,0.17854,58236450.29976709
2019-12-18 08:00:00,0.1841,0.19695,0.20199,0.176,49864780.75733362
2019-12-19 08:00:00,0.197,0.1887,0.19829,0.186,11549099.22550039
2019-12-20 08:00:00,0.18904,0.19599,0.19913,0.18448,17526262.35307912
2019-12-21 08:00:00,0.19609,0.19236,0.19699,0.19101,10471214.19095991
2019-12-22 08:00:00,0.19235,0.19723,0.19748,0.1915,12573621.17598647
2019-12-23 08:00:00,0.19742,0.1906,0.19944,0.189,13955025.85030192
2019-12-24 08:00:00,0.19016,0.1915,0.19418,0.18806,6765045.2091968
2019-12-25 08:00:00,0.19131,0.18919,0.19182,0.18672,5367087.24104812
2019-12-26 08:00:00,0.18912,0.19028,0.19482,0.18801,11205024.3417886
2019-12-27 08:00:00,0.19017,0.19078,0.19086,0.185,6276748.23349442
2019-12-28 08:00:00,0.19078,0.19372,0.19561,0.19077,8223311.86709684
2019-12-29 08:00:00,0.19364,0.19736,0.19913,0.1914,8922319.66101764
2019-12-30 08:00:00,0.19701,0.19351,0.19839,0.1925,5816385.02298613
2019-12-31 08:00:00,0.19349,0.19332,0.19476,0.19011,7192268.16060489
2020-01-01 08:00:00,0.19313,0.19333,0.19658,0.19242,7264490.2241725
2020-01-02 08:00:00,0.19314,0.18817,0.19337,0.186,13457757.18850543
2020-01-03 08:00:00,0.18818,0.19413,0.19481,0.18519,13383798.70909912
2020-01-04 08:00:00,0.19403,0.19352,0.19464,0.19167,3970285.10584559
2020-01-05 08:00:00,0.19392,0.19468,0.19773,0.19351,11000077.12431117
2020-01-06 08:00:00,0.19464,0.223,0.22444,0.19461,34654903.40470001
2020-01-07 08:00:00,0.223,0.2134,0.22555,0.20785,29081317.39704685
2020-01-08 08:00:00,0.2134,0.20725,0.21891,0.2035,18169374.30287243
2020-01-09 08:00:00,0.20722,0.20378,0.20867,0.20113,10882242.84605693
2020-01-10 08:00:00,0.20377,0.21228,0.21271,0.2005,18508724.36869168
2020-01-11 08:00:00,0.21261,0.21137,0.21978,0.20809,23170973.86406229
2020-01-12 08:00:00,0.21137,0.21517,0.21643,0.20947,10296374.18920592
2020-01-13 08:00:00,0.21518,0.21121,0.21549,0.20967,6563496.47976097
2020-01-14 08:00:00,0.21119,0.23375,0.24447,0.21113,51314573.53220879
2020-01-15 08:00:00,0.23375,0.2336,0.24285,0.22546,39623196.48301242
2020-01-16 08:00:00,0.23352,0.22888,0.23492,0.2212,18270840.20127843
2020-01-17 08:00:00,0.2289,0.238,0.24375,0.22633,26048177.4310155
2020-01-18 08:00:00,0.238,0.2428,0.25457,0.23107,35792050.99643551
2020-01-19 08:00:00,0.24251,0.23529,0.25171,0.22618,23518987.80359741
2020-01-20 08:00:00,0.23536,0.23281,0.2362,0.22404,14826330.98188505
2020-01-21 08:00:00,0.23335,0.23679,0.24166,0.23025,13384334.59830902
2020-01-22 08:00:00,0.2373,0.23701,0.2399,0.23205,8961206.65672679
2020-01-23 08:00:00,0.237,0.22583,0.23725,0.22077,13856325.5817181
2020-01-24 08:00:00,0.22588,0.22242,0.22628,0.21411,15244975.75457607
2020-01-25 08:00:00,0.22244,0.21965,0.22278,0.21661,6743092.71418233
2020-01-26 08:00:00,0.21941,0.23149,0.23259,0.21781,7820288.06705417
2020-01-27 08:00:00,0.2315,0.23089,0.23395,0.2263,10508011.38135536
2020-01-28 08:00:00,0.23123,0.23927,0.24182,0.23102,16461327.17004911
2020-01-29 08:00:00,0.23962,0.23568,0.24242,0.23417,11175695.59218058
2020-01-30 08:00:00,0.23533,0.24341,0.2465,0.23081,21829796.94516861
2020-01-31 08:00:00,0.2434,0.23987,0.24478,0.2341,15003309.04700838
2020-02-01 08:00:00,0.24014,0.24184,0.24363,0.2372,9112931.04941374
2020-02-02 08:00:00,0.24178,0.25128,0.26248,0.236,24197133.09974313
2020-02-03 08:00:00,0.25138,0.25497,0.26039,0.24723,15944342.57286609
2020-02-04 08:00:00,0.25496,0.26741,0.27093,0.248,32079368.35482496
2020-02-05 08:00:00,0.26748,0.2778,0.28266,0.26748,50506746.64239302
2020-02-06 08:00:00,0.27783,0.28294,0.28793,0.26114,45732878.20883666
2020-02-07 08:00:00,0.28294,0.2791,0.28715,0.2767,18497253.61273627
2020-02-08 08:00:00,0.27909,0.277,0.282,0.2642,19958060.59454617
2020-02-09 08:00:00,0.277,0.28231,0.28884,0.276,19103408.97377471
2020-02-10 08:00:00,0.28242,0.27349,0.283,0.26731,22432060.37380504
2020-02-11 08:00:00,0.27349,0.28102,0.28323,0.2672,14920284.28283629
2020-02-12 08:00:00,0.28102,0.30422,0.30884,0.28102,43429433.58977198
2020-02-13 08:00:00,0.30454,0.32708,0.33923,0.29981,96618421.03230941
2020-02-14 08:00:00,0.32661,0.33589,0.3389,0.3106,40036850.52006834
2020-02-15 08:00:00,0.33566,0.30741,0.34639,0.29408,59983059.3385284
2020-02-16 08:00:00,0.30715,0.29253,0.31862,0.2705,56496273.67708726
2020-02-17 08:00:00,0.29255,0.28715,0.29514,0.27015,43560336.0172303
2020-02-18 08:00:00,0.28756,0.2984,0.303,0.27617,33105685.20437273
2020-02-19 08:00:00,0.2984,0.2745,0.30946,0.271,34602426.27842434
2020-02-20 08:00:00,0.2745,0.27106,0.28133,0.2611,22854017.03361814
2020-02-21 08:00:00,0.27121,0.27426,0.279,0.26865,16786256.33051171
2020-02-22 08:00:00,0.27454,0.27554,0.27875,0.26998,9686881.08983855
2020-02-23 08:00:00,0.27541,0.28399,0.28523,0.27501,21183166.84718524
2020-02-24 08:00:00,0.28399,0.27078,0.28578,0.26411,23933988.6556717
2020-02-25 08:00:00,0.27082,0.25281,0.27124,0.251,22666933.44470978
2020-02-26 08:00:00,0.25244,0.22933,0.25568,0.22292,48574881.13030969
2020-02-27 08:00:00,0.2297,0.23846,0.24725,0.22431,24402254.99377992
2020-02-28 08:00:00,0.23878,0.23764,0.2445,0.229,19600124.05664546
2020-02-29 08:00:00,0.23742,0.23,0.24299,0.23,14929526.04472211
2020-03-01 08:00:00,0.23001,0.22782,0.23704,0.2251,17609222.42523016
2020-03-02 08:00:00,0.2278,0.24033,0.24225,0.2265,12147764.95641267
2020-03-03 08:00:00,0.24029,0.23515,0.24029,0.23059,11577611.92016589
2020-03-04 08:00:00,0.23515,0.23551,0.23897,0.23111,8446290.03197497
2020-03-05 08:00:00,0.2357,0.23991,0.24416,0.2357,10589180.13815511
2020-03-06 08:00:00,0.2399,0.24574,0.247,0.2392,7897485.19892723
2020-03-07 08:00:00,0.24581,0.2371,0.24616,0.23578,11326937.58802206
2020-03-08 08:00:00,0.23689,0.20476,0.23689,0.2005,44000770.60884659
2020-03-09 08:00:00,0.20494,0.21048,0.21272,0.19901,25696336.43355451
2020-03-10 08:00:00,0.21014,0.21258,0.21629,0.20611,12219624.83553828
2020-03-11 08:00:00,0.21245,0.20936,0.21416,0.20012,15067934.43140014
2020-03-12 08:00:00,0.20953,0.1374,0.21095,0.12825,209859885.84350118
2020-03-13 08:00:00,0.13846,0.15969,0.16759,0.11004,164261394.23043737
2020-03-14 08:00:00,0.15982,0.14674,0.16075,0.14423,22436901.00190356
2020-03-15 08:00:00,0.14692,0.15358,0.16597,0.14534,22713997.30942432
2020-03-16 08:00:00,0.1536,0.14199,0.15383,0.12863,39879422.48545195
2020-03-17 08:00:00,0.142,0.14773,0.15306,0.14079,22416646.82239045
2020-03-18 08:00:00,0.14747,0.14819,0.15,0.14035,14672808.711192429
2020-03-19 08:00:00,0.14819,0.16509,0.17322,0.14466,26080934.17641081
2020-03-20 08:00:00,0.16491,0.15685,0.1753,0.14466,44297303.87125713
2020-03-21 08:00:00,0.15711,0.15832,0.1626,0.15172,15148356.82031198
2020-03-22 08:00:00,0.15818,0.14795,0.162,0.14641,14397597.24492491
2020-03-23 08:00:00,0.1478,0.15929,0.16233,0.145,20126287.96828867
2020-03-24 08:00:00,0.15925,0.1629,0.164,0.15742,20083917.09335904
2020-03-25 08:00:00,0.16261,0.16178,0.16556,0.15693,16213273.75470229
2020-03-26 08:00:00,0.16192,0.17644,0.178,0.1601,19043454.51352778
2020-03-27 08:00:00,0.17643,0.17294,0.18774,0.16968,29644741.88246031
2020-03-28 08:00:00,0.17294,0.17592,0.18014,0.16643,30370346.76604994
2020-03-29 08:00:00,0.17592,0.163,0.17701,0.16207,19915592.76883649
2020-03-30 08:00:00,0.163,0.17151,0.1762,0.163,17172717.08086498
2020-03-31 08:00:00,0.17152,0.17407,0.17853,0.17074,10477146.36531385
2020-04-01 08:00:00,0.17411,0.17603,0.17717,0.16818,11022839.08148051
2020-04-02 08:00:00,0.17604,0.17874,0.18759,0.17509,20968562.27146093
2020-04-03 08:00:00,0.17863,0.17969,0.183,0.1765,11127693.1058889
2020-04-04 08:00:00,0.17971,0.18182,0.18389,0.178,10201382.30754268
2020-04-05 08:00:00,0.18178,0.17955,0.18268,0.1769,6264428.45875961
2020-04-06 08:00:00,0.17955,0.19864,0.199,0.17954,22117055.95895179
2020-04-07 08:00:00,0.19807,0.19298,0.20524,0.1901,21442799.15044363
2020-04-08 08:00:00,0.19299,0.20219,0.2033,0.19176,13002337.98073748
2020-04-09 08:00:00,0.20218,0.19847,0.20233,0.19367,8454533.27324496
2020-04-10 08:00:00,0.19847,0.18798,0.19899,0.18186,17692113.95336172
2020-04-11 08:00:00,0.1881,0.1886,0.19247,0.1853,9809889.13435977
2020-04-12 08:00:00,0.18859,0.18994,0.19626,0.18631,12447485.35759765
2020-04-13 08:00:00,0.18975,0.18807,0.18987,0.1801,16528855.20162557
2020-04-14 08:00:00,0.18792,0.18624,0.18946,0.1835,8031725.03200583
2020-04-15 08:00:00,0.186,0.18092,0.1898,0.18024,9546861.4703923
2020-04-16 08:00:00,0.18089,0.19104,0.19372,0.17426,22996096.32427762
2020-04-17 08:00:00,0.19098,0.1894,0.19223,0.18658,8614973.22639698
2020-04-18 08:00:00,0.18941,0.19588,0.19774,0.18879,12522691.79440522
2020-04-19 08:00:00,0.19599,0.18921,0.19659,0.18778,9461409.89919372
2020-04-20 08:00:00,0.18922,0.18174,0.19503,0.17847,16335595.32784542
2020-04-21 08:00:00,0.18183,0.18344,0.18667,0.18127,8223460.30528637
2020-04-22 08:00:00,0.18345,0.18847,0.18997,0.18219,6876127.94573015
2020-04-23 08:00:00,0.18868,0.19307,0.2,0.1861,15490086.42192553
2020-04-24 08:00:00,0.1927,0.19367,0.19733,0.1922,10608978.62248059
2020-04-25 08:00:00,0.19344,0.19418,0.19795,0.19165,8435122.12912312
2020-04-26 08:00:00,0.19405,0.19629,0.19777,0.19105,6736090.65162002
2020-04-27 08:00:00,0.19631,0.19763,0.1996,0.19423,7428611.37624454
2020-04-28 08:00:00,0.19751,0.21418,0.21779,0.1947,23380396.27403677
2020-04-29 08:00:00,0.21418,0.22617,0.23035,0.21388,23825827.99103627
2020-04-30 08:00:00,0.22629,0.21161,0.23571,0.2082,36470052.90610624
2020-05-01 08:00:00,0.21161,0.21783,0.22445,0.21121,11058259.18218323
2020-05-02 08:00:00,0.2178,0.22392,0.22557,0.21541,8360379.43275824
2020-05-03 08:00:00,0.22373,0.21926,0.22684,0.2155,12203887.40945236
2020-05-04 08:00:00,0.21926,0.21785,0.2209,0.20723,14817376.59248233
2020-05-05 08:00:00,0.21807,0.21686,0.22234,0.21298,6176159.04143246
2020-05-06 08:00:00,0.21695,0.21198,0.22241,0.21,8161871.2066338
2020-05-07 08:00:00,0.21194,0.21879,0.22173,0.20981,12896047.20300636
2020-05-08 08:00:00,0.21878,0.21868,0.22231,0.21429,14358562.26507927
2020-05-09 08:00:00,0.21849,0.21636,0.22506,0.21554,12321898.16847773
2020-05-10 08:00:00,0.21595,0.19721,0.21622,0.17501,40683900.66536633
2020-05-11 08:00:00,0.197,0.19233,0.2,0.1845,14492599.68312479
2020-05-12 08:00:00,0.19221,0.19696,0.19986,0.19121,7126626.3480701
2020-05-13 08:00:00,0.19691,0.2019,0.2043,0.19589,6385532.80580904
2020-05-14 08:00:00,0.20211,0.20406,0.20642,0.19809,9446073.58140729
2020-05-15 08:00:00,0.20448,0.19809,0.20484,0.1953,10456352.97663778
2020-05-16 08:00:00,0.198,0.19961,0.20229,0.19647,5285101.41328019
2020-05-17 08:00:00,0.1995,0.20108,0.20479,0.19882,5106368.04337231
2020-05-18 08:00:00,0.20123,0.2053,0.20814,0.20107,8949162.52538034
2020-05-19 08:00:00,0.20516,0.20477,0.20635,0.20064,5797246.14000543
2020-05-20 08:00:00,0.2048,0.20139,0.20625,0.19722,6632076.49551607
2020-05-21 08:00:00,0.20129,0.19423,0.2028,0.18918,10164761.26304797
2020-05-22 08:00:00,0.19399,0.20039,0.20257,0.19209,6215552.17154322
2020-05-23 08:00:00,0.20043,0.19862,0.2022,0.19798,6891438.94326591
2020-05-24 08:00:00,0.19878,0.19228,0.20161,0.19228,5926250.41253095
2020-05-25 08:00:00,0.19248,0.19614,0.19716,0.18928,7810316.97399465
2020-05-26 08:00:00,0.19595,0.19359,0.1968,0.19142,3050944.73209782
2020-05-27 08:00:00,0.19386,0.1981,0.20109,0.19385,6864365.51753361
2020-05-28 08:00:00,0.1981,0.20082,0.20142,0.19509,6252527.16550292
2020-05-29 08:00:00,0.20081,0.19766,0.2034,0.1964,6244153.47921671
2020-05-30 08:00:00,0.19755,0.20709,0.2079,0.19613,9712447.61204514
2020-05-31 08:00:00,0.20708,0.20249,0.2138,0.20048,14046893.50190738
2020-06-01 08:00:00,0.20242,0.21124,0.213,0.20115,9097167.0740059
2020-06-02 08:00:00,0.21124,0.20331,0.2152,0.19704,18679015.92792209
2020-06-03 08:00:00,0.203,0.2042,0.20485,0.20069,7836530.70308792
2020-06-04 08:00:00,0.2042,0.2042,0.20736,0.19938,6477245.13159963
2020-06-05 08:00:00,0.20426,0.20261,0.20582,0.20124,5646665.86559128
2020-06-06 08:00:00,0.20255,0.2037,0.20502,0.20104,4267965.76212919
2020-06-07 08:00:00,0.20353,0.20342,0.20499,0.19809,5855459.86880091
2020-06-08 08:00:00,0.20343,0.20433,0.20472,0.20137,3658506.26661225
2020-06-09 08:00:00,0.20425,0.2012,0.20541,0.19979,7498796.29530561
2020-06-10 08:00:00,0.20119,0.20302,0.20389,0.19973,4181685.01878207
2020-06-11 08:00:00,0.2032,0.18808,0.20388,0.18401,16124007.48978498
2020-06-12 08:00:00,0.18808,0.19309,0.1949,0.18686,5601811.43168619
2020-06-13 08:00:00,0.19303,0.19246,0.19385,0.19087,3404609.70569371
2020-06-14 08:00:00,0.19245,0.1904,0.19263,0.18875,3663301.98023239
2020-06-15 08:00:00,0.19041,0.19253,0.19347,0.18221,6858853.98284972
2020-06-16 08:00:00,0.19262,0.19247,0.19409,0.19007,3751947.66600837
2020-06-17 08:00:00,0.19249,0.19333,0.19886,0.18838,9154635.641749639
2020-06-18 08:00:00,0.19328,0.19004,0.19328,0.18837,4832211.29816716
2020-06-19 08:00:00,0.19001,0.18722,0.19045,0.18659,5286113.84713493
2020-06-20 08:00:00,0.18737,0.18827,0.18921,0.18449,3963016.86369618
2020-06-21 08:00:00,0.18831,0.18607,0.18882,0.1858,2125278.44704299
2020-06-22 08:00:00,0.18591,0.18946,0.19063,0.18591,4709071.0048894
2020-06-23 08:00:00,0.18943,0.18915,0.19067,0.18851,2617604.44892603
2020-06-24 08:00:00,0.1892,0.18369,0.19064,0.18157,8243010.14489939
2020-06-25 08:00:00,0.18358,0.18171,0.18425,0.17869,7538301.38215059
2020-06-26 08:00:00,0.18154,0.18269,0.18677,0.1786,5526882.11720831
2020-06-27 08:00:00,0.18278,0.17521,0.18356,0.169,11000609.67815144
2020-06-28 08:00:00,0.17516,0.17704,0.17986,0.173,6917305.23401566
2020-06-29 08:00:00,0.17705,0.17733,0.17958,0.17519,5596628.65852628
2020-06-30 08:00:00,0.17759,0.17569,0.17788,0.17497,3572057.9317754
2020-07-01 08:00:00,0.17531,0.17666,0.1784,0.174,4195035.49891436
2020-07-02 08:00:00,0.17674,0.17493,0.17746,0.17234,7957419.33992327
2020-07-03 08:00:00,0.17478,0.17656,0.17899,0.17453,4687517.76218501
2020-07-04 08:00:00,0.17642,0.17834,0.1797,0.17616,3465656.92076671
2020-07-05 08:00:00,0.17823,0.17735,0.17886,0.17376,4536525.17779571
2020-07-06 08:00:00,0.17718,0.18898,0.1895,0.17674,13714308.60145516
2020-07-07 08:00:00,0.18907,0.18543,0.18999,0.1832,7698065.12390423
2020-07-08 08:00:00,0.18539,0.20575,0.207,0.1842,23694362.48383162
2020-07-09 08:00:00,0.20572,0.20276,0.21199,0.19718,26414308.57519991
2020-07-10 08:00:00,0.20283,0.19941,0.20286,0.19238,10563585.91869217
2020-07-11 08:00:00,0.19953,0.20124,0.20504,0.19811,9579359.39696638
2020-07-12 08:00:00,0.20125,0.20162,0.20447,0.19792,7435809.08377804
2020-07-13 08:00:00,0.20152,0.19889,0.20698,0.19246,15689344.87435395
2020-07-14 08:00:00,0.19877,0.19924,0.20024,0.19527,6542589.20688906
2020-07-15 08:00:00,0.19924,0.1974,0.19999,0.19644,4548321.67922062
2020-07-16 08:00:00,0.19749,0.19436,0.19772,0.18857,9515133.24103672
2020-07-17 08:00:00,0.1947,0.19464,0.19842,0.19153,6075209.74096453
2020-07-18 08:00:00,0.19448,0.20019,0.20232,0.19413,8507228.92103497
2020-07-19 08:00:00,0.20018,0.19978,0.20232,0.1961,9105173.42015893
2020-07-20 08:00:00,0.19992,0.19502,0.20068,0.19223,9072483.36246437
2020-07-21 08:00:00,0.19497,0.1999,0.20145,0.19429,7346829.17898521
2020-07-22 08:00:00,0.19996,0.20408,0.2051,0.19649,9052546.45481642
2020-07-23 08:00:00,0.20411,0.20881,0.21096,0.20208,16241484.54177522
2020-07-24 08:00:00,0.20878,0.20445,0.20882,0.20212,12952249.88660644
2020-07-25 08:00:00,0.20431,0.21499,0.21784,0.20401,15564208.87353815
2020-07-26 08:00:00,0.21491,0.21551,0.2254,0.21237,24636426.06009293
2020-07-27 08:00:00,0.21546,0.2248,0.22979,0.20919,30331722.92723793
2020-07-28 08:00:00,0.2247,0.2307,0.23499,0.21773,24748992.37759136
2020-07-29 08:00:00,0.23085,0.2437,0.25049,0.2295,29291343.09023032
2020-07-30 08:00:00,0.24375,0.24462,0.25,0.23425,18109772.55999829
2020-07-31 08:00:00,0.24461,0.25983,0.26078,0.24201,19132297.7262852
2020-08-01 08:00:00,0.2597,0.29103,0.29758,0.25578,57748635.18434037
2020-08-02 08:00:00,0.29127,0.28764,0.3262,0.24158,99682991.46384406
2020-08-03 08:00:00,0.28792,0.30974,0.3195,0.28383,44324133.73255089
2020-08-04 08:00:00,0.31023,0.30124,0.319,0.29026,25108229.33133275
2020-08-05 08:00:00,0.30124,0.30239,0.30795,0.29086,18839867.16885674
2020-08-06 08:00:00,0.30239,0.30296,0.3112,0.29712,18825880.17304911
2020-08-07 08:00:00,0.30296,0.29427,0.31,0.27742,29602982.54865039
2020-08-08 08:00:00,0.29429,0.29546,0.29858,0.2899,10028540.01988926
2020-08-09 08:00:00,0.29536,0.28781,0.29852,0.28207,11930506.05112227
2020-08-10 08:00:00,0.28821,0.29478,0.30053,0.284,18646990.97990437
2020-08-11 08:00:00,0.29478,0.28238,0.30744,0.26756,34991462.46727665
2020-08-12 08:00:00,0.2827,0.28241,0.28706,0.27171,15889306.11777254
2020-08-13 08:00:00,0.28254,0.29477,0.29595,0.2725,19529913.67302618
2020-08-14 08:00:00,0.29473,0.30027,0.30761,0.29,21350675.75233796
2020-08-15 08:00:00,0.30051,0.29937,0.306,0.2918,24069939.39950617
2020-08-16 08:00:00,0.2994,0.30485,0.305,0.29269,16717814.88385868
2020-08-17 08:00:00,0.30484,0.31629,0.3275,0.2975,44669112.09407168
2020-08-18 08:00:00,0.31616,0.30283,0.32224,0.29824,29614741.90774306
2020-08-19 08:00:00,0.30284,0.29039,0.30646,0.27933,29248252.39976507
2020-08-20 08:00:00,0.29021,0.2929,0.29502,0.28489,11171809.63381265
2020-08-21 08:00:00,0.29249,0.27952,0.29615,0.27728,16955229.00310393
2020-08-22 08:00:00,0.27954,0.28634,0.28726,0.2734,9305457.12590836
2020-08-23 08:00:00,0.28634,0.28518,0.28862,0.27766,8516866.84893064
2020-08-24 08:00:00,0.28527,0.28886,0.29243,0.28242,7611368.74420741
2020-08-25 08:00:00,0.28887,0.27658,0.29037,0.2702,14527214.21532886
2020-08-26 08:00:00,0.27659,0.27661,0.28092,0.27416,8092310.53237221
2020-08-27 08:00:00,0.27664,0.26439,0.27849,0.255,22048869.00342157
2020-08-28 08:00:00,0.26489,0.27238,0.27375,0.26039,8680634.12986967
2020-08-29 08:00:00,0.27231,0.27434,0.27761,0.26895,9689110.53947844
2020-08-30 08:00:00,0.27435,0.28342,0.2843,0.27435,11713175.86679355
2020-08-31 08:00:00,0.28351,0.28177,0.28531,0.27829,10044612.53368102
2020-09-01 08:00:00,0.2816,0.29593,0.29956,0.27601,22481505.84797003
2020-09-02 08:00:00,0.29554,0.27659,0.30492,0.26156,43747375.91171573
2020-09-03 08:00:00,0.27606,0.24482,0.27658,0.2385,30373441.57567201
2020-09-04 08:00:00,0.2443,0.25487,0.26599,0.24067,23135024.55708507
2020-09-05 08:00:00,0.25467,0.23831,0.26034,0.23213,22843558.16303367
2020-09-06 08:00:00,0.23823,0.23979,0.24458,0.23041,11234783.84444672
2020-09-07 08:00:00,0.24025,0.24277,0.24396,0.2303,12209234.67111258
2020-09-08 08:00:00,0.24284,0.23715,0.2441,0.23143,7662308.9931130605
2020-09-09 08:00:00,0.23721,0.23952,0.24328,0.23361,8054930.35557151
2020-09-10 08:00:00,0.23954,0.24343,0.24926,0.23935,7018265.83845987
2020-09-11 08:00:00,0.24347,0.24284,0.2448,0.23706,5171725.52465009
2020-09-12 08:00:00,0.24284,0.2477,0.249,0.24033,5198919.62908317
2020-09-13 08:00:00,0.2478,0.24218,0.2545,0.238,11507264.05139704
2020-09-14 08:00:00,0.2422,0.246,0.2491,0.2391,5410656.25635707
2020-09-15 08:00:00,0.24589,0.24345,0.24981,0.24251,4901336.93235342
2020-09-16 08:00:00,0.24336,0.24735,0.2516,0.23453,7803428.97514437
2020-09-17 08:00:00,0.24737,0.25273,0.2589,0.24648,10098483.98336242
2020-09-18 08:00:00,0.25272,0.2512,0.2559,0.24681,6108025.15672081
2020-09-19 08:00:00,0.25105,0.25181,0.25546,0.24779,4197194.23006567
2020-09-20 08:00:00,0.25156,0.24702,0.25176,0.24301,5625777.21959731
2020-09-21 08:00:00,0.24707,0.23122,0.24878,0.22951,15573429.88091345
2020-09-22 08:00:00,0.23148,0.23366,0.23507,0.22996,7913749.71571515
2020-09-23 08:00:00,0.23339,0.22194,0.2355,0.22061,8264442.69200623
2020-09-24 08:00:00,0.22196,0.23301,0.23453,0.2201,6064005.73221208
2020-09-25 08:00:00,0.23341,0.24175,0.24541,0.2301,9500217.1536101
2020-09-26 08:00:00,0.24214,0.24202,0.24632,0.23817,5334768.51207549
2020-09-27 08:00:00,0.2421,0.24395,0.24526,0.23754,4431575.50970292
2020-09-28 08:00:00,0.244,0.24151,0.24909,0.2403,6871714.09674752
2020-09-29 08:00:00,0.24136,0.2434,0.24709,0.23886,5425259.26928313
2020-09-30 08:00:00,0.24308,0.24216,0.24317,0.23804,3328981.97642558
2020-10-01 08:00:00,0.24229,0.2386,0.24498,0.2342,7272611.56005753
2020-10-02 08:00:00,0.23836,0.23433,0.23985,0.22888,8926364.36531614
2020-10-03 08:00:00,0.23422,0.23311,0.23556,0.2327,2357673.68763305
2020-10-04 08:00:00,0.23315,0.24833,0.25065,0.232,11836724.81685072
2020-10-05 08:00:00,0.24844,0.25088,0.25479,0.24696,10688131.87565314
2020-10-06 08:00:00,0.251,0.24577,0.25993,0.24085,20368103.29168814
2020-10-07 08:00:00,0.24547,0.24909,0.2516,0.24119,8189839.42243319
2020-10-08 08:00:00,0.2491,0.25182,0.2533,0.24232,8398246.97502359
2020-10-09 08:00:00,0.25196,0.25347,0.25738,0.25001,6817822.85462185
2020-10-10 08:00:00,0.25338,0.25417,0.26067,0.25314,10811564.82609202
2020-10-11 08:00:00,0.25419,0.25565,0.2589,0.25356,4681511.2042356
2020-10-12 08:00:00,0.25557,0.25668,0.25864,0.24916,7003785.77411114
2020-10-13 08:00:00,0.25668,0.25706,0.26061,0.25295,11367302.05122174
2020-10-14 08:00:00,0.25698,0.24944,0.25876,0.24626,23207954.70675903
2020-10-15 08:00:00,0.24955,0.24623,0.25051,0.24267,16493501.74577324
2020-10-16 08:00:00,0.24609,0.24024,0.24836,0.2373,9956805.16603112
2020-10-17 08:00:00,0.24052,0.24069,0.24364,0.23892,2909098.4311863
2020-10-18 08:00:00,0.24069,0.24259,0.24398,0.24024,3031509.45232551
2020-10-19 08:00:00,0.24257,0.24588,0.24981,0.24021,4771425.07882268
2020-10-20 08:00:00,0.24605,0.24351,0.25099,0.24153,6118179.91998041
2020-10-21 08:00:00,0.24345,0.25154,0.25596,0.24289,10160949.1731079
2020-10-22 08:00:00,0.25149,0.25721,0.26392,0.25149,13527115.32801279
2020-10-23 08:00:00,0.25724,0.25497,0.25944,0.25019,5985270.7129729
2020-10-24 08:00:00,0.25497,0.25655,0.25804,0.25262,3329783.49909689
2020-10-25 08:00:00,0.25641,0.25325,0.25753,0.25104,5699114.24132742
2020-10-26 08:00:00,0.25331,0.24827,0.25924,0.24354,11045764.35618407
2020-10-27 08:00:00,0.24824,0.25277,0.254,0.24751,6083755.58872905
2020-10-28 08:00:00,0.25269,0.24537,0.25673,0.24446,8348588.05169279
2020-10-29 08:00:00,0.24532,0.2422,0.24753,0.23954,6356689.10782637
2020-10-30 08:00:00,0.24234,0.2393,0.24414,0.23053,13397745.60240989
2020-10-31 08:00:00,0.23926,0.23969,0.24357,0.23744,5934782.82589682
2020-11-01 08:00:00,0.23959,0.23993,0.24141,0.23622,6415005.88964738
2020-11-02 08:00:00,0.24013,0.23526,0.24492,0.2326,5846978.75317495
2020-11-03 08:00:00,0.2354,0.23971,0.24396,0.22759,13713965.6925957
2020-11-04 08:00:00,0.23985,0.23771,0.24067,0.23215,6206523.98859575
2020-11-05 08:00:00,0.23803,0.24549,0.24725,0.23716,12113840.60677907
2020-11-06 08:00:00,0.24559,0.25845,0.26147,0.24494,16293009.07678312
2020-11-07 08:00:00,0.25835,0.24948,0.26722,0.245,22030809.25734909
2020-11-08 08:00:00,0.24959,0.25409,0.257,0.24771,6095668.85087371
2020-11-09 08:00:00,0.25392,0.25045,0.25639,0.24563,10533517.70444919
2020-11-10 08:00:00,0.25047,0.25392,0.26466,0.24809,13487972.61044477
2020-11-11 08:00:00,0.25392,0.25613,0.26021,0.2525,8375536.05702976
2020-11-12 08:00:00,0.25614,0.25477,0.25837,0.25247,5296176.99943685
2020-11-13 08:00:00,0.25475,0.26553,0.26576,0.25353,10478477.60199081
2020-11-14 08:00:00,0.26569,0.26811,0.27764,0.261,21912276.0672734
2020-11-15 08:00:00,0.26818,0.26953,0.27676,0.2644,16574368.66259654
2020-11-16 08:00:00,0.2695,0.28775,0.2899,0.26741,21507023.27524594
2020-11-17 08:00:00,0.28815,0.30258,0.30535,0.28733,32762246.53933116
2020-11-18 08:00:00,0.30259,0.29304,0.30852,0.28081,37508117.57851256
2020-11-19 08:00:00,0.29352,0.30393,0.30687,0.28343,19302788.77429392
2020-11-20 08:00:00,0.30377,0.3298,0.33178,0.297,33247413.83767
2020-11-21 08:00:00,0.32998,0.46206,0.46939,0.32929,189221766.48466334
2020-11-22 08:00:00,0.46163,0.44508,0.49567,0.40266,228187090.48559093
2020-11-23 08:00:00,0.44544,0.61509,0.6203,0.43041,211538230.6333657
2020-11-24 08:00:00,0.61539,0.69325,0.78,0.56684,375187332.4723052
2020-11-25 08:00:00,0.69333,0.63009,0.7241,0.58408,223349912.61105382
2020-11-26 08:00:00,0.63093,0.53823,0.652,0.45961,294248268.8570121
2020-11-27 08:00:00,0.53897,0.56327,0.588,0.505,120045023.28796238
2020-11-28 08:00:00,0.56332,0.6272,0.65,0.54071,87845444.09878308
2020-11-29 08:00:00,0.62695,0.60589,0.638,0.58315,63801373.33255745
2020-11-30 08:00:00,0.60552,0.66458,0.67999,0.59631,95613100.3482717
2020-12-01 08:00:00,0.66453,0.61217,0.68279,0.57711,96286607.94167829
2020-12-02 08:00:00,0.61259,0.63109,0.63833,0.59597,42894547.45711449
2020-12-03 08:00:00,0.63059,0.63138,0.64291,0.6152,25696137.13767258
2020-12-04 08:00:00,0.631,0.55356,0.63499,0.54226,62396371.64760769
2020-12-05 08:00:00,0.55355,0.58539,0.59665,0.54815,25146971.72645101
2020-12-06 08:00:00,0.58549,0.62201,0.62888,0.58015,46540106.76515176
2020-12-07 08:00:00,0.62232,0.60855,0.625,0.59101,24843275.47739071
2020-12-08 08:00:00,0.60856,0.55942,0.61113,0.55104,43810944.19206672
2020-12-09 08:00:00,0.55928,0.58295,0.60558,0.50483,82292572.12911549
2020-12-10 08:00:00,0.58324,0.57225,0.58939,0.55304,41856878.90055126
2020-12-11 08:00:00,0.5727,0.5413,0.588,0.527,82270096.44091947
2020-12-12 08:00:00,0.5413,0.50711,0.55174,0.48653,68823449.11222851
2020-12-13 08:00:00,0.50705,0.51383,0.52825,0.486,35323588.87536605
2020-12-14 08:00:00,0.51338,0.49773,0.51912,0.48931,18720572.5940433
2020-12-15 08:00:00,0.49856,0.46848,0.50765,0.4652,37178470.15570874
2020-12-16 08:00:00,0.46896,0.5687,0.57465,0.438,109169148.01085404
2020-12-17 08:00:00,0.56871,0.57665,0.65615,0.536,185828938.99867287
2020-12-18 08:00:00,0.57665,0.58373,0.61331,0.55057,65252792.28357826
2020-12-19 08:00:00,0.58416,0.57631,0.60479,0.56618,41168990.47501242
2020-12-20 08:00:00,0.57588,0.55516,0.586,0.531,44504463.4255722
2020-12-21 08:00:00,0.55504,0.51395,0.5688,0.49752,60095395.40342708
2020-12-22 08:00:00,0.51396,0.44601,0.52187,0.40155,151189269.01746708
2020-12-23 08:00:00,0.446,0.2599,0.44779,0.21263,495506731.9581771
2020-12-24 08:00:00,0.25997,0.33895,0.37833,0.24061,292687684.67631453
2020-12-25 08:00:00,0.33814,0.31802,0.38499,0.28,369465530.9337164
2020-12-26 08:00:00,0.31842,0.29374,0.32695,0.28262,148404349.39565095
2020-12-27 08:00:00,0.29426,0.28342,0.30999,0.26629,124842318.467519
2020-12-28 08:00:00,0.2834,0.24807,0.30896,0.23367,140137229.21671334
2020-12-29 08:00:00,0.2477,0.22107,0.25447,0.17268,322879784.7289345
2020-12-30 08:00:00,0.22079,0.21131,0.23665,0.1919,208464356.56311876
2020-12-31 08:00:00,0.21135,0.2194,0.22904,0.20471,81976670.66519463
2021-01-01 08:00:00,0.21936,0.23765,0.25249,0.21597,101614914.99732268
2021-01-02 08:00:00,0.2379,0.22126,0.23829,0.21116,69088351.68377312
2021-01-03 08:00:00,0.2212,0.22488,0.23983,0.21511,67791610.3326638
2021-01-04 08:00:00,0.22518,0.23591,0.26185,0.21501,96862007.20687596
2021-01-05 08:00:00,0.23584,0.22592,0.24291,0.21756,61102936.87443265
2021-01-06 08:00:00,0.22626,0.24892,0.27415,0.22137,136427298.27645886
2021-01-07 08:00:00,0.24892,0.32358,0.3696,0.24521,372068886.2365708
2021-01-08 08:00:00,0.32376,0.31996,0.34588,0.28389,178880349.64229923
2021-01-09 08:00:00,0.31952,0.325,0.34,0.30529,97277312.35004896
2021-01-10 08:00:00,0.32469,0.31501,0.36799,0.28785,136915526.70981628
2021-01-11 08:00:00,0.31526,0.28767,0.31649,0.2512,165682607.93116763
2021-01-12 08:00:00,0.2875,0.29287,0.31039,0.27722,77092629.1792176
2021-01-13 08:00:00,0.29286,0.3055,0.30999,0.28421,42879171.59791406
2021-01-14 08:00:00,0.30573,0.29632,0.30877,0.28223,56213627.46049574
2021-01-15 08:00:00,0.29658,0.27991,0.303,0.2612,48721030.54608882
2021-01-16 08:00:00,0.27958,0.27931,0.308,0.27542,41953611.7823281
2021-01-17 08:00:00,0.27926,0.27777,0.28577,0.26851,23123979.4082405
2021-01-18 08:00:00,0.27772,0.28597,0.28952,0.27163,29075701.92119971
2021-01-19 08:00:00,0.28585,0.29357,0.3299,0.28434,78102270.30346876
2021-01-20 08:00:00,0.29403,0.2954,0.3117,0.27909,49400561.56579748
2021-01-21 08:00:00,0.29593,0.26787,0.308,0.25903,70409244.49659404
2021-01-22 08:00:00,0.26829,0.27307,0.27886,0.24,90328303.18088445
2021-01-23 08:00:00,0.27298,0.27193,0.28407,0.26563,24679736.8597103
2021-01-24 08:00:00,0.27191,0.27362,0.27851,0.26852,18037841.74093441
2021-01-25 08:00:00,0.27389,0.26754,0.2855,0.26705,31429503.48944594
2021-01-26 08:00:00,0.26718,0.26855,0.27148,0.25827,20804757.43706879
2021-01-27 08:00:00,0.26871,0.25104,0.26901,0.2442,29395837.32844876
2021-01-28 08:00:00,0.25117,0.26427,0.27,0.24736,32563538.30569313
2021-01-29 08:00:00,0.26442,0.28321,0.317,0.25977,167167513.18952456
2021-01-30 08:00:00,0.28333,0.44508,0.51695,0.27747,670823567.2704815
2021-01-31 08:00:00,0.44405,0.49558,0.51,0.38758,343906155.82847655
2021-02-01 08:00:00,0.49573,0.37262,0.75742,0.35966,833378535.3785019
2021-02-02 08:00:00,0.3722,0.37334,0.412,0.34042,160002378.67640176
2021-02-03 08:00:00,0.37346,0.39744,0.41999,0.37346,75520203.65869324
2021-02-04 08:00:00,0.39744,0.44518,0.48,0.37963,165514300.06012872
2021-02-05 08:00:00,0.44519,0.45243,0.4721,0.42437,98723710.7769342
2021-02-06 08:00:00,0.45274,0.44292,0.45743,0.42603,39419894.64640198
2021-02-07 08:00:00,0.44337,0.41863,0.45147,0.38911,79032087.54804038
2021-02-08 08:00:00,0.41863,0.45214,0.47106,0.41232,61634767.99303456
2021-02-09 08:00:00,0.45214,0.47632,0.49171,0.44919,66978189.55421467
2021-02-10 08:00:00,0.477,0.5048,0.542,0.44053,152323767.22531584
2021-02-11 08:00:00,0.50517,0.52849,0.53621,0.5,50024251.13447039
2021-02-12 08:00:00,0.52834,0.609,0.61964,0.51925,101089243.71491535
2021-02-13 08:00:00,0.61,0.63324,0.64364,0.542,135756936.97849807
2021-02-14 08:00:00,0.63381,0.59272,0.64074,0.5601,78132131.91758327
2021-02-15 08:00:00,0.59284,0.55027,0.60425,0.50278,108377114.2666663
2021-02-16 08:00:00,0.55025,0.52017,0.58099,0.48192,88730037.05413724
2021-02-17 08:00:00,0.52046,0.53424,0.558,0.49191,61618342.00460148
2021-02-18 08:00:00,0.53424,0.53135,0.55999,0.52,40909779.40919822
2021-02-19 08:00:00,0.53143,0.56463,0.58231,0.5131,65275739.31748596
2021-02-20 08:00:00,0.56479,0.51095,0.58365,0.46595,86954880.96718907
2021-02-21 08:00:00,0.51134,0.54437,0.55875,0.5025,52312855.73540937
2021-02-22 08:00:00,0.5443,0.56531,0.65,0.514,257529211.5614559
2021-02-23 08:00:00,0.56591,0.47638,0.57072,0.3616,218206410.9235423
2021-02-24 08:00:00,0.47626,0.46932,0.49973,0.45126,41956039.88278493
2021-02-25 08:00:00,0.46867,0.43546,0.48241,0.425,26130320.20376439
2021-02-26 08:00:00,0.43615,0.42841,0.45,0.41,46710802.22075804
2021-02-27 08:00:00,0.42806,0.43647,0.45847,0.42706,23283647.17650774
2021-02-28 08:00:00,0.4362,0.41678,0.43947,0.39353,30016463.81122788
2021-03-01 08:00:00,0.41651,0.44546,0.454,0.4131,28751994.78325487
2021-03-02 08:00:00,0.44544,0.43672,0.455,0.42201,24807631.33300075
2021-03-03 08:00:00,0.43662,0.44835,0.46888,0.43032,21448442.9476617
2021-03-04 08:00:00,0.44914,0.48085,0.49487,0.43322,68288513.11941203
