datetime,mv
2013/4/28,14.88566972
2013/4/29,16.0376879
2013/4/30,15.42813464
2013/5/1,12.98954824
2013/5/2,11.68517485
2013/5/3,10.85995169
2013/5/4,12.50316563
2013/5/5,12.88693216
2013/5/6,12.49023179
2013/5/7,12.405936
2013/5/8,12.64044298
2013/5/9,12.54535362
2013/5/10,13.05479046
2013/5/11,12.84207787
2013/5/12,12.81982625
2013/5/13,13.15707666
2013/5/14,12.43874488
2013/5/15,12.74623826
2013/5/16,13.25726811
2013/5/17,13.73724131
2013/5/18,13.79576092
2013/5/19,13.6320502
2013/5/20,13.637099
2013/5/21,13.74013409
2013/5/22,13.85778907
2013/5/23,14.17769798
2013/5/24,14.91070565
2013/5/25,14.77958014
2013/5/26,14.95292967
2013/5/27,14.54029626
2013/5/28,14.46189462
2013/5/29,14.83734612
2013/5/30,14.45054067
2013/5/31,14.47870371
2013/6/1,14.51916199
2013/6/2,13.73839383
2013/6/3,13.73710546
2013/6/4,13.65337524
2013/6/5,13.68486658
2013/6/6,13.279602
2013/6/7,12.55258638
2013/6/8,12.19717954
2013/6/9,11.266425
2013/6/10,11.98639358
2013/6/11,12.2787457
2013/6/12,12.1996987
2013/6/13,11.736374
2013/6/14,11.28709776
2013/6/15,11.29245152
2013/6/16,11.24306468
2013/6/17,11.49418451
2013/6/18,12.14215915
2013/6/19,12.24198497
2013/6/20,12.46105024
2013/6/21,12.39214238
2013/6/22,12.26110362
2013/6/23,12.18626732
2013/6/24,11.63936671
2013/6/25,11.78086105
2013/6/26,11.791052
2013/6/27,11.50469367
2013/6/28,10.73887808
2013/6/29,10.78198388
2013/6/30,10.96957927
2013/7/1,10.00065331
2013/7/2,10.24082778
2013/7/3,8.812331016
2013/7/4,9.156186386
2013/7/5,7.784110893
2013/7/6,7.997419428
2013/7/7,8.488389356
2013/7/8,8.714579269
2013/7/9,8.738415043
2013/7/10,9.889575694
2013/7/11,10.14650101
2013/7/12,10.67634882
2013/7/13,11.1979555
2013/7/14,10.8091819
2013/7/15,11.23659378
2013/7/16,11.1321701
2013/7/17,11.25658262
2013/7/18,10.35512845
2013/7/19,10.54083663
2013/7/20,10.22707561
2013/7/21,10.3879917
2013/7/22,10.48939087
2013/7/23,10.9448417
2013/7/24,10.82848699
2013/7/25,11.1058805
2013/7/26,11.00902917
2013/7/27,10.79491666
2013/7/28,11.44602625
2013/7/29,11.61619105
2013/7/30,12.40092341
2013/7/31,12.18779807
2013/8/1,11.952252
2013/8/2,12.01487442
2013/8/3,11.96226477
2013/8/4,12.09792869
2013/8/5,12.22677278
2013/8/6,12.2909815
2013/8/7,12.2909815
2013/8/8,11.871059
2013/8/9,11.85307165
2013/8/10,11.88153837
2013/8/11,12.1178925
2013/8/12,12.31244547
2013/8/13,12.59043091
2013/8/14,13.00657388
2013/8/15,12.71404456
2013/8/16,12.60357627
2013/8/17,13.12996375
2013/8/18,13.13544013
2013/8/19,13.77725387
2013/8/20,14.03829751
2013/8/21,14.2869889
2013/8/22,14.0443745
2013/8/23,13.74309858
2013/8/24,13.92768514
2013/8/25,14.17199163
2013/8/26,13.9384193
2013/8/27,14.69193138
2013/8/28,14.24675829
2013/8/29,14.22584859
2013/8/30,15.52288529
2013/8/31,15.74672122
2013/9/1,16.10215304
2013/9/2,15.81969925
2013/9/3,15.93346615
2013/9/4,14.77012093
2013/9/5,14.73965194
2013/9/6,13.89646468
2013/9/7,14.48411512
2013/9/8,14.19836114
2013/9/9,14.84085523
2013/9/10,14.70679207
2013/9/11,15.8045035
2013/9/12,15.56386276
2013/9/13,15.78699034
2013/9/14,15.1203877
2013/9/15,15.26085089
2013/9/16,15.42395112
2013/9/17,15.42278449
2013/9/18,15.40598342
2013/9/19,15.19883637
2013/9/20,14.89921955
2013/9/21,14.9510115
2013/9/22,15.15584679
2013/9/23,14.79037112
2013/9/24,14.94974356
2013/9/25,15.07033784
2013/9/26,15.09434326
2013/9/27,15.73520346
2013/9/28,15.85878747
2013/9/29,16.16584461
2013/9/30,15.66038425
2013/10/1,15.57001006
2013/10/2,13.44930714
2013/10/3,14.57492582
2013/10/4,15.21498722
2013/10/5,15.16777555
2013/10/6,15.22686975
2013/10/7,14.98859946
2013/10/8,14.8827735
2013/10/9,15.44249405
2013/10/10,15.43701082
2013/10/11,15.47970968
2013/10/12,15.99426159
2013/10/13,16.34968896
2013/10/14,16.64129229
2013/10/15,17.20981504
2013/10/16,16.89851884
2013/10/17,17.34327563
2013/10/18,18.50219843
2013/10/19,20.46457269
2013/10/20,20.73319147
2013/10/21,21.64518222
2013/10/22,23.02910195
2013/10/23,25.4013934
2013/10/24,23.58198542
2013/10/25,22.22012413
2013/10/26,21.11296131
2013/10/27,23.39831246
2013/10/28,23.65837453
2013/10/29,24.36241927
2013/10/30,23.84492287
2013/10/31,24.336588
2013/11/1,24.60742749
2013/11/2,24.62261659
2013/11/3,25.68713148
2013/11/4,27.3765916
2013/11/5,29.31599026
2013/11/6,31.38994688
2013/11/7,35.45560131
2013/11/8,40.45494427
2013/11/9,40.58705682
2013/11/10,39.10613036
2013/11/11,41.01635056
2013/11/12,43.1772613
2013/11/13,48.83103394
2013/11/14,50.38817941
2013/11/15,50.13561166
2013/11/16,52.82849119
2013/11/17,59.07841888
2013/11/18,84.490696
2013/11/19,70.22948985
2013/11/20,71.00078169
2013/11/21,86.84240638
2013/11/22,92.76681745
2013/11/23,95.97335887
2013/11/24,93.17034156
2013/11/25,96.19646048
2013/11/26,111.761103
2013/11/27,120.6988596
2013/11/28,124.3582247
2013/11/29,136.4603949
2013/11/30,136.2038997
2013/12/1,115.3170865
2013/12/2,125.9127108
2013/12/3,130.1845219
2013/12/4,139.0342888
2013/12/5,126.2691433
2013/12/6,100.2564524
2013/12/7,84.42962012
2013/12/8,96.27500054
2013/12/9,108.0871552
2013/12/10,119.669516
2013/12/11,106.385463
2013/12/12,105.7889007
2013/12/13,108.168202
2013/12/14,105.7898762
2013/12/15,106.2551759
2013/12/16,85.65533655
2013/12/17,82.7962366
2013/12/18,63.47159316
2013/12/19,84.0639742
2013/12/20,75.99576581
2013/12/21,73.63114284
2013/12/22,75.05757333
2013/12/23,81.92486875
2013/12/24,81.0004225
2013/12/25,83.05173642
2013/12/26,92.79735093
2013/12/27,89.55394653
2013/12/28,88.69918852
2013/12/29,90.82103472
2013/12/30,92.1716805
2013/12/31,91.91325468
2014/1/1,94.03308443
2014/1/2,97.81074099
2014/1/3,99.80135039
2014/1/4,104.7736256
2014/1/5,113.7966104
2014/1/6,116.2053334
2014/1/7,98.082996
2014/1/8,103.1036282
2014/1/9,103.6539685
2014/1/10,106.3408141
2014/1/11,111.9563631
2014/1/12,105.7865284
2014/1/13,103.123761
2014/1/14,102.1853607
2014/1/15,105.6130627
2014/1/16,102.5518567
2014/1/17,100.0066338
2014/1/18,103.15662
2014/1/19,106.9950436
2014/1/20,106.9445358
2014/1/21,106.2028288
2014/1/22,103.995735
2014/1/23,101.1355785
2014/1/24,98.10138383
2014/1/25,105.0953944
2014/1/26,109.0279899
2014/1/27,95.03544265
2014/1/28,100.1325148
2014/1/29,101.8265955
2014/1/30,101.0033975
2014/1/31,102.3841161
2014/2/1,102.7520302
2014/2/2,101.9003859
2014/2/3,101.7477441
2014/2/4,102.2934258
2014/2/5,100.3443595
2014/2/6,96.62790968
2014/2/7,88.10607302
2014/2/8,83.37738029
2014/2/9,84.51229252
2014/2/10,84.30743145
2014/2/11,83.23816983
2014/2/12,80.73458118
2014/2/13,75.00376055
2014/2/14,82.06805757
2014/2/15,80.72579444
2014/2/16,76.50358897
2014/2/17,77.72386704
2014/2/18,77.79035052
2014/2/19,77.37830479
2014/2/20,69.09539156
2014/2/21,71.3560273
2014/2/22,75.2680826
2014/2/23,75.34325958
2014/2/24,67.96972081
2014/2/25,67.04461707
2014/2/26,72.54505098
2014/2/27,72.08406962
2014/2/28,68.43354045
2014/3/1,70.49084125
2014/3/2,69.78523798
2014/3/3,83.26933934
2014/3/4,83.17230721
2014/3/5,83.04000973
2014/3/6,82.86267144
2014/3/7,78.5563012
2014/3/8,77.12151324
2014/3/9,79.58688083
2014/3/10,78.4643304
2014/3/11,79.28102767
2014/3/12,79.0583242
2014/3/13,79.83961165
2014/3/14,78.69180327
2014/3/15,79.63443092
2014/3/16,79.03421902
2014/3/17,77.96507719
2014/3/18,77.0418045
2014/3/19,76.44697541
2014/3/20,73.82670998
2014/3/21,71.68658436
2014/3/22,70.90149896
2014/3/23,70.4587388
2014/3/24,73.26519973
2014/3/25,73.35179087
2014/3/26,72.98667045
2014/3/27,59.23616541
2014/3/28,62.32800729
2014/3/29,61.78423002
2014/3/30,57.91425432
2014/3/31,57.5229491
2014/4/1,60.23349257
2014/4/2,55.06315519
2014/4/3,56.04033965
2014/4/4,56.41619232
2014/4/5,58.24869918
2014/4/6,58.08862089
2014/4/7,56.70834553
2014/4/8,57.18578081
2014/4/9,55.89577595
2014/4/10,46.11916421
2014/4/11,53.18038822
2014/4/12,53.21872929
2014/4/13,52.34669425
2014/4/14,58.02296564
2014/4/15,65.22978018
2014/4/16,66.74472495
2014/4/17,62.78792162
2014/4/18,60.74121631
2014/4/19,63.53703152
2014/4/20,63.12898135
2014/4/21,62.84668112
2014/4/22,61.8703852
2014/4/23,62.31921123
2014/4/24,63.50008606
2014/4/25,58.57081094
2014/4/26,58.22777197
2014/4/27,55.42719718
2014/4/28,55.93860735
2014/4/29,56.83729755
2014/4/30,56.90814681
2014/5/1,58.21427537
2014/5/2,57.16631542
2014/5/3,55.70425588
2014/5/4,55.54781871
2014/5/5,55.18954594
2014/5/6,54.63475751
2014/5/7,55.90803411
2014/5/8,56.09809375
2014/5/9,57.3013099
2014/5/10,57.95549116
2014/5/11,55.98957083
2014/5/12,56.33625977
2014/5/13,56.25307626
2014/5/14,56.69107676
2014/5/15,57.12902227
2014/5/16,57.25213024
2014/5/17,57.37963439
2014/5/18,57.0616706
2014/5/19,57.06975736
2014/5/20,62.14911036
2014/5/21,62.94421097
2014/5/22,67.16608245
2014/5/23,66.62964947
2014/5/24,67.27956779
2014/5/25,73.25371161
2014/5/26,74.79329905
2014/5/27,73.25146954
2014/5/28,74.02198986
2014/5/29,72.90263801
2014/5/30,78.9775258
2014/5/31,80.07251052
2014/6/1,80.94127199
2014/6/2,84.87581299
2014/6/3,85.80310345
2014/6/4,82.49187176
2014/6/5,84.78554622
2014/6/6,84.09356748
2014/6/7,84.28207299
2014/6/8,84.45491366
2014/6/9,83.58147715
2014/6/10,84.12290795
2014/6/11,81.55308476
2014/6/12,75.64343453
2014/6/13,77.3704114
2014/6/14,74.45590027
2014/6/15,76.49365738
2014/6/16,76.42482083
2014/6/17,78.86301019
2014/6/18,78.5120484
2014/6/19,77.26003738
2014/6/20,76.78068129
2014/6/21,76.9177559
2014/6/22,77.88611993
2014/6/23,76.84033529
2014/6/24,75.36335364
2014/6/25,73.31653671
2014/6/26,75.25764883
2014/6/27,77.37367553
2014/6/28,77.30991825
2014/6/29,78.1328593
2014/6/30,82.96104498
2014/7/1,83.11322251
2014/7/2,84.44196138
2014/7/3,83.72187112
2014/7/4,81.87110048
2014/7/5,81.99434808
2014/7/6,82.58182479
2014/7/7,81.08135344
2014/7/8,81.20051778
2014/7/9,81.1868385
2014/7/10,80.20237762
2014/7/11,82.2089506
2014/7/12,82.4564005
2014/7/13,81.54263416
2014/7/14,80.62879089
2014/7/15,80.94889738
2014/7/16,80.34801951
2014/7/17,81.19393142
2014/7/18,81.96215937
2014/7/19,81.95600894
2014/7/20,81.37811958
2014/7/21,81.1820069
2014/7/22,81.11797091
2014/7/23,80.86153627
2014/7/24,78.57484529
2014/7/25,78.5157465
2014/7/26,77.84673062
2014/7/27,77.61284409
2014/7/28,76.56821235
2014/7/29,76.46384446
2014/7/30,74.2085381
2014/7/31,76.70835225
2014/8/1,77.86790645
2014/8/2,77.1618287
2014/8/3,76.83526402
2014/8/4,77.13119167
2014/8/5,76.71272523
2014/8/6,76.63388045
2014/8/7,77.21017424
2014/8/8,77.71963607
2014/8/9,77.32613293
2014/8/10,77.57400139
2014/8/11,75.67174443
2014/8/12,74.81330208
2014/8/13,71.81462481
2014/8/14,66.49281003
2014/8/15,65.33513617
2014/8/16,68.33969425
2014/8/17,64.68997837
2014/8/18,60.72253712
2014/8/19,63.87512371
2014/8/20,67.41568368
2014/8/21,68.12928575
2014/8/22,67.72885578
2014/8/23,65.64533068
2014/8/24,67.00956771
2014/8/25,66.26345845
2014/8/26,67.48177565
2014/8/27,67.44870912
2014/8/28,67.03027453
2014/8/29,67.14457237
2014/8/30,66.60386235
2014/8/31,63.12805192
2014/9/1,62.76310716
2014/9/2,63.116977
2014/9/3,63.15866374
2014/9/4,64.77466955
2014/9/5,63.95639882
2014/9/6,64.17496157
2014/9/7,63.85590811
2014/9/8,62.85639693
2014/9/9,62.96104861
2014/9/10,63.5228906
2014/9/11,63.59502248
2014/9/12,63.34868014
2014/9/13,63.53616465
2014/9/14,63.40774105
2014/9/15,63.09194032
2014/9/16,61.87572923
2014/9/17,60.73908192
2014/9/18,56.3891482
2014/9/19,52.46775432
2014/9/20,54.36074326
2014/9/21,53.03654307
2014/9/22,53.49631052
2014/9/23,57.98753472
2014/9/24,56.32907616
2014/9/25,54.79900466
2014/9/26,53.86075388
2014/9/27,53.22077722
2014/9/28,50.25732219
2014/9/29,50.04176569
2014/9/30,51.58621735
2014/10/1,51.15682007
2014/10/2,50.03084473
2014/10/3,47.96856573
2014/10/4,43.89217848
2014/10/5,42.79043445
2014/10/6,44.08130503
2014/10/7,44.90816868
2014/10/8,47.15886031
2014/10/9,48.78714843
2014/10/10,48.33837531
2014/10/11,48.44960867
2014/10/12,50.63686791
2014/10/13,52.23929686
2014/10/14,53.65155044
2014/10/15,52.8504709
2014/10/16,51.22907936
2014/10/17,51.4033955
2014/10/18,52.44892027
2014/10/19,52.20786278
2014/10/20,51.32283065
2014/10/21,51.82425296
2014/10/22,51.39455225
2014/10/23,48.08947554
2014/10/24,48.09417063
2014/10/25,46.621363
2014/10/26,47.63038436
2014/10/27,47.41411025
2014/10/28,48.04815425
2014/10/29,45.10176521
2014/10/30,46.42192354
2014/10/31,45.49893657
2014/11/1,43.82113896
2014/11/2,43.85292349
2014/11/3,44.09046585
2014/11/4,44.49938489
2014/11/5,45.722046
2014/11/6,47.05585167
2014/11/7,46.14263987
2014/11/8,46.56984197
2014/11/9,48.97967439
2014/11/10,49.48664448
2014/11/11,49.60235831
2014/11/12,57.15426306
2014/11/13,56.7883251
2014/11/14,53.71043064
2014/11/15,50.79586606
2014/11/16,52.39697443
2014/11/17,52.34700031
2014/11/18,50.71162744
2014/11/19,51.4490371
2014/11/20,48.39037242
2014/11/21,47.45599245
2014/11/22,47.74993026
2014/11/23,49.74536263
2014/11/24,51.02169024
2014/11/25,50.82384316
2014/11/26,49.89168857
2014/11/27,50.08055404
2014/11/28,51.01284366
2014/11/29,50.89805448
2014/11/30,51.25963515
2014/12/1,51.43440192
2014/12/2,51.72924302
2014/12/3,50.88498697
2014/12/4,50.16489789
2014/12/5,51.1636377
2014/12/6,50.89536655
2014/12/7,50.94941876
2014/12/8,49.1729697
2014/12/9,47.86889316
2014/12/10,47.08566046
2014/12/11,47.66078552
2014/12/12,47.95049198
2014/12/13,47.2609687
2014/12/14,47.85248774
2014/12/15,47.0090938
2014/12/16,44.53204009
2014/12/17,43.55015129
2014/12/18,42.41894495
2014/12/19,43.30805147
2014/12/20,44.96946323
2014/12/21,43.73826072
2014/12/22,45.25700595
2014/12/23,45.63591668
2014/12/24,44.00631477
2014/12/25,43.5378839
2014/12/26,44.76703828
2014/12/27,43.1326812
2014/12/28,43.33395591
2014/12/29,42.72274601
2014/12/30,42.47060505
2014/12/31,43.77517177
2015/1/1,42.97535254
2015/1/2,43.09557148
2015/1/3,38.4627197
2015/1/4,36.1632567
2015/1/5,37.58100084
2015/1/6,39.1962218
2015/1/7,40.32258854
2015/1/8,38.82762152
2015/1/9,39.8042796
2015/1/10,37.67542156
2015/1/11,36.43311966
2015/1/12,36.73552165
2015/1/13,30.99001239
2015/1/14,24.44375472
2015/1/15,28.80795649
2015/1/16,28.57544117
2015/1/17,27.3687399
2015/1/18,28.89852649
2015/1/19,29.52760256
2015/1/20,29.04647722
2015/1/21,31.19676862
2015/1/22,32.09959629
2015/1/23,32.03430201
2015/1/24,34.10112173
2015/1/25,34.91684707
2015/1/26,37.64413485
2015/1/27,36.27765634
2015/1/28,32.21725804
2015/1/29,32.1714716
2015/1/30,31.20278074
2015/1/31,29.97693635
2015/2/1,31.2963221
2015/2/2,32.85800937
2015/2/3,31.35349632
2015/2/4,31.30517787
2015/2/5,29.9694186
2015/2/6,30.69080172
2015/2/7,31.45767737
2015/2/8,30.86540935
2015/2/9,30.41800624
2015/2/10,30.3884472
2015/2/11,30.30673909
2015/2/12,30.66989261
2015/2/13,32.56810313
2015/2/14,35.60711801
2015/2/15,32.50247205
2015/2/16,32.37580454
2015/2/17,33.73700471
2015/2/18,32.7381274
2015/2/19,33.29630575
2015/2/20,33.79035119
2015/2/21,33.9036772
2015/2/22,32.72632781
2015/2/23,33.13903994
2015/2/24,33.12483772
2015/2/25,32.95872654
2015/2/26,32.82272534
2015/2/27,35.24815128
2015/2/28,35.31770072
2015/3/1,36.15184872
2015/3/2,38.3117957
2015/3/3,39.16111011
2015/3/4,37.97381975
2015/3/5,38.41199003
2015/3/6,37.94158053
2015/3/7,38.44347372
2015/3/8,38.18877841
2015/3/9,40.32245451
2015/3/10,40.63307736
2015/3/11,41.28800794
2015/3/12,41.01530521
2015/3/13,39.76953821
2015/3/14,39.2975339
2015/3/15,39.93635126
2015/3/16,40.53195269
2015/3/17,39.83144988
2015/3/18,35.76667665
2015/3/19,36.42157517
2015/3/20,36.54510981
2015/3/21,36.31424557
2015/3/22,37.43197248
2015/3/23,37.27115895
2015/3/24,34.32717531
2015/3/25,34.42125957
2015/3/26,34.75708176
2015/3/27,34.55737131
2015/3/28,35.37377833
2015/3/29,33.97186865
2015/3/30,34.65417144
2015/3/31,34.20119293
2015/4/1,34.63621235
2015/4/2,35.44972446
2015/4/3,35.64352141
2015/4/4,35.56553313
2015/4/5,36.54266205
2015/4/6,35.83459918
2015/4/7,35.52018307
2015/4/8,34.38324248
2015/4/9,34.20244593
2015/4/10,33.14410083
2015/4/11,33.21973857
2015/4/12,33.17123015
2015/4/13,31.55542061
2015/4/14,30.80095245
2015/4/15,31.46461068
2015/4/16,32.13881063
2015/4/17,31.34567488
2015/4/18,31.42052836
2015/4/19,31.32227161
2015/4/20,31.61605832
2015/4/21,33.12303143
2015/4/22,32.97795801
2015/4/23,33.3076243
2015/4/24,32.5831696
2015/4/25,31.9050215
2015/4/26,30.93210382
2015/4/27,32.32941926
2015/4/28,31.8542864
2015/4/29,31.85476714
2015/4/30,33.3209844
2015/5/1,32.75581427
2015/5/2,33.16685274
2015/5/3,33.94163164
2015/5/4,33.76004547
2015/5/5,33.35979567
2015/5/6,32.47356027
2015/5/7,33.54919438
2015/5/8,34.48124449
2015/5/9,34.20187237
2015/5/10,33.99248766
2015/5/11,34.26522588
2015/5/12,34.12639376
2015/5/13,33.46581808
2015/5/14,33.55316262
2015/5/15,33.65752851
2015/5/16,33.45972012
2015/5/17,33.5617723
2015/5/18,33.04945005
2015/5/19,32.88954456
2015/5/20,33.19171194
2015/5/21,33.38889748
2015/5/22,34.10717238
2015/5/23,33.90430421
2015/5/24,34.2084051
2015/5/25,33.67131019
2015/5/26,33.68071962
2015/5/27,33.71256961
2015/5/28,33.73815074
2015/5/29,33.70297567
2015/5/30,33.177714
2015/5/31,32.73749733
2015/6/1,31.71169614
2015/6/2,32.12966431
2015/6/3,32.14775712
2015/6/4,31.93508705
2015/6/5,32.03216253
2015/6/6,32.13719463
2015/6/7,31.75550845
2015/6/8,32.56356818
2015/6/9,32.65172294
2015/6/10,32.6263945
2015/6/11,32.76295885
2015/6/12,32.810559
2015/6/13,33.16503387
2015/6/14,33.33660699
2015/6/15,33.81329381
2015/6/16,35.82989175
2015/6/17,35.60949415
2015/6/18,35.57993134
2015/6/19,34.95987626
2015/6/20,35.05472688
2015/6/21,34.88111053
2015/6/22,35.32602526
2015/6/23,34.94931153
2015/6/24,34.4176472
2015/6/25,34.7536583
2015/6/26,34.87695052
2015/6/27,35.94397744
2015/6/28,35.66934171
2015/6/29,36.83187961
2015/6/30,37.70228517
2015/7/1,37.07306204
2015/7/2,36.62295237
2015/7/3,36.76579461
2015/7/4,37.42820324
2015/7/5,39.0199159
2015/7/6,38.61826653
2015/7/7,38.22204498
2015/7/8,38.89016171
2015/7/9,38.67548112
2015/7/10,40.9371099
2015/7/11,42.12921526
2015/7/12,44.69121264
2015/7/13,41.99739824
2015/7/14,41.34764841
2015/7/15,41.12339932
2015/7/16,40.01916074
2015/7/17,40.22841998
2015/7/18,39.58064529
2015/7/19,39.40580866
2015/7/20,40.18965234
2015/7/21,39.74492041
2015/7/22,39.95567028
2015/7/23,39.79624304
2015/7/24,41.57153113
2015/7/25,41.64298393
2015/7/26,42.22885227
2015/7/27,42.37528907
2015/7/28,42.50119707
2015/7/29,41.81385551
2015/7/30,41.55381167
2015/7/31,41.12088952
2015/8/1,40.69124088
2015/8/2,40.84836711
2015/8/3,40.65891479
2015/8/4,41.24559144
2015/8/5,40.7725869
2015/8/6,40.30451193
2015/8/7,40.45995885
2015/8/8,37.78055343
2015/8/9,38.3813201
2015/8/10,38.30353412
2015/8/11,39.17143505
2015/8/12,38.59882927
2015/8/13,38.27591183
2015/8/14,38.51710753
2015/8/15,37.92757515
2015/8/16,37.49498591
2015/8/17,37.42746033
2015/8/18,30.63107151
2015/8/19,32.90448465
2015/8/20,34.17121677
2015/8/21,33.77703139
2015/8/22,33.46955711
2015/8/23,33.1547211
2015/8/24,30.59456564
2015/8/25,32.21750661
2015/8/26,32.84046612
2015/8/27,32.6936281
2015/8/28,33.66643772
2015/8/29,33.44063889
2015/8/30,33.3008556
2015/8/31,33.49842524
2015/9/1,33.22554402
2015/9/2,33.40402153
2015/9/3,33.10625017
2015/9/4,33.5691185
2015/9/5,34.26588154
2015/9/6,34.97753009
2015/9/7,34.98768351
2015/9/8,35.54440766
2015/9/9,34.75966518
2015/9/10,34.81472191
2015/9/11,35.06208641
2015/9/12,34.35801654
2015/9/13,33.67770894
2015/9/14,33.70576581
2015/9/15,33.66535189
2015/9/16,33.49616247
2015/9/18,34.08098398
2015/9/19,33.87139404
2015/9/20,33.83765028
2015/9/21,33.24114498
2015/9/22,33.76737528
2015/9/23,33.72744117
2015/9/24,34.35746649
2015/9/25,34.45725725
2015/9/26,34.34812335
2015/9/27,34.12462073
2015/9/28,35.06930349
2015/9/29,34.71970602
2015/9/30,34.63618783
2015/10/1,34.86370919
2015/10/2,34.8343336
2015/10/3,35.05378978
2015/10/4,34.99388303
2015/10/5,35.31504172
2015/10/6,36.15830412
2015/10/7,35.71170649
2015/10/8,35.62232942
2015/10/9,35.86928582
2015/10/10,36.02758216
2015/10/11,36.34688806
2015/10/12,36.09931795
2015/10/13,36.72591074
2015/10/14,37.1006013
2015/10/15,37.45444057
2015/10/16,38.72289027
2015/10/17,39.87678556
2015/10/18,38.56059659
2015/10/19,38.8358409
2015/10/20,39.73286902
2015/10/21,39.27192971
2015/10/22,40.42519957
2015/10/23,40.80026998
2015/10/24,41.57181599
2015/10/25,41.88179591
2015/10/26,42.132657
2015/10/27,43.39691162
2015/10/28,45.0073157
2015/10/29,46.38398453
2015/10/30,48.49068678
2015/10/31,46.45479257
2015/11/1,48.13284494
2015/11/2,53.43561831
2015/11/3,59.69854064
2015/11/4,60.92012219
2015/11/5,57.20252942
2015/11/6,55.45657765
2015/11/7,57.25042316
2015/11/8,55.32076551
2015/11/9,56.35562934
2015/11/10,49.93015819
2015/11/11,46.12832901
2015/11/12,50.15568102
2015/11/13,49.96164958
2015/11/14,49.40265963
2015/11/15,47.52459764
2015/11/16,49.1104691
2015/11/17,49.76770269
2015/11/18,49.70556617
2015/11/19,48.46267268
2015/11/20,47.862966
2015/11/21,48.60634873
2015/11/22,48.26464375
2015/11/23,48.05633055
2015/11/24,47.62242509
2015/11/25,48.84879914
2015/11/26,52.50752251
2015/11/27,53.31720124
2015/11/28,53.23257261
2015/11/29,55.31871362
2015/11/30,56.23189844
2015/12/1,54.03659484
2015/12/2,53.55886859
2015/12/3,53.84890351
2015/12/4,54.18154417
2015/12/5,58.04240733
2015/12/6,58.03309467
2015/12/7,59.05562119
2015/12/8,62.06379462
2015/12/9,62.3801615
2015/12/10,62.09108392
2015/12/11,67.55789087
2015/12/12,65.04324037
2015/12/13,64.8729179
2015/12/14,66.45389508
2015/12/15,69.63779883
2015/12/16,68.10197585
2015/12/17,68.29094922
2015/12/18,69.43917484
2015/12/19,69.2634717
2015/12/20,66.33993867
2015/12/21,65.74989912
2015/12/22,65.45636206
2015/12/23,66.3477263
2015/12/24,68.25073267
2015/12/25,68.36940917
2015/12/26,62.62839366
2015/12/27,63.48303535
2015/12/28,63.41731738
2015/12/29,65.0418892
2015/12/30,64.10383215
2015/12/31,64.71223703
2016/1/1,65.29295684
2016/1/2,65.17388016
2016/1/3,64.6743708
2016/1/4,65.15715687
2016/1/5,65.00389453
2016/1/6,64.5893767
2016/1/7,68.96276384
2016/1/8,68.25697862
2016/1/9,67.42760333
2016/1/10,67.50434827
2016/1/11,67.58935766
2016/1/12,65.68799216
2016/1/13,65.20360089
2016/1/14,64.9063704
2016/1/15,54.96592879
2016/1/16,58.48068794
2016/1/17,57.70476778
2016/1/18,58.45654194
2016/1/19,57.40938117
2016/1/20,63.47833733
2016/1/21,61.98663326
2016/1/22,57.80761454
2016/1/23,58.58053377
2016/1/24,60.93789879
2016/1/25,59.25345607
2016/1/26,59.33373619
2016/1/27,59.77550597
2016/1/28,57.56703857
2016/1/29,57.45990427
2016/1/30,57.29295707
2016/1/31,55.87251013
2016/2/1,56.53741139
2016/2/2,56.76526364
2016/2/3,56.09971455
2016/2/4,59.09518467
2016/2/5,58.65131582
2016/2/6,57.14879203
2016/2/7,57.18025977
2016/2/8,56.71235133
2016/2/9,57.12103683
2016/2/10,57.99046961
2016/2/11,57.70554094
2016/2/12,58.42240914
2016/2/13,59.59280231
2016/2/14,61.94714911
2016/2/15,60.89058353
2016/2/16,62.01585425
2016/2/17,63.37625713
2016/2/18,64.31549229
2016/2/19,64.08882644
2016/2/20,66.59987304
2016/2/21,66.86296148
2016/2/22,66.71673277
2016/2/23,64.13838534
2016/2/24,64.79391197
2016/2/25,64.74780599
2016/2/26,65.9232344
2016/2/27,65.99520317
2016/2/28,66.15992343
2016/2/29,66.81446896
2016/3/1,66.43690381
2016/3/2,64.75327948
2016/3/3,64.41070631
2016/3/4,62.79022702
2016/3/5,61.22093078
2016/3/6,62.32667417
2016/3/7,63.35170246
2016/3/8,63.31420677
2016/3/9,63.46729417
2016/3/10,63.83107932
2016/3/11,64.5454838
2016/3/12,63.01963332
2016/3/13,63.40695059
2016/3/14,63.78630851
2016/3/15,63.86307133
2016/3/16,63.90670177
2016/3/17,64.47468001
2016/3/18,62.79121081
2016/3/19,62.942777
2016/3/20,63.46553666
2016/3/21,63.41110153
2016/3/22,64.16020303
2016/3/23,64.16841766
2016/3/24,63.93095529
2016/3/25,64.06601985
2016/3/26,64.20039527
2016/3/27,65.57036225
2016/3/28,65.19893605
2016/3/29,64.02956898
2016/3/30,63.78353802
2016/3/31,64.09069919
2016/4/1,64.29586915
2016/4/2,64.75852197
2016/4/3,64.77833347
2016/4/4,64.87892012
2016/4/5,65.29345152
2016/4/6,65.21485982
2016/4/7,65.12691259
2016/4/8,64.7729575
2016/4/9,64.64533073
2016/4/10,64.99541848
2016/4/11,65.15326788
2016/4/12,65.58654751
2016/4/13,65.37933502
2016/4/14,65.48112606
2016/4/15,66.33437748
2016/4/16,66.48180827
2016/4/17,66.00877701
2016/4/18,66.207191
2016/4/19,67.29228991
2016/4/20,68.21901671
2016/4/21,69.47802319
2016/4/22,68.92371913
2016/4/23,69.64271248
2016/4/24,70.93731098
2016/4/25,71.39623236
2016/4/26,72.13509697
2016/4/27,68.83736014
2016/4/28,69.5218303
2016/4/29,70.48201251
2016/4/30,69.44867972
2016/5/1,70.01713696
2016/5/2,68.91796731
2016/5/3,69.80826752
2016/5/4,69.27164306
2016/5/5,69.48338106
2016/5/6,71.30550026
2016/5/7,71.15714725
2016/5/8,71.17816226
2016/5/9,71.49829366
2016/5/10,70.02720493
2016/5/11,70.3270408
2016/5/12,70.65954058
2016/5/13,70.81724792
2016/5/14,70.83400789
2016/5/15,71.14466369
2016/5/16,70.63125876
2016/5/17,70.5881797
2016/5/18,70.73569334
2016/5/19,68.2742678
2016/5/20,68.9071192
2016/5/21,69.00242294
2016/5/22,68.42086072
2016/5/23,69.19341621
2016/5/24,69.49426135
2016/5/25,70.0735342
2016/5/26,70.67866944
2016/5/27,73.82560176
2016/5/28,82.66477947
2016/5/29,82.09057786
2016/5/30,83.29999372
2016/5/31,82.93040304
2016/6/1,83.81327603
2016/6/2,83.99592016
2016/6/3,88.89099366
2016/6/4,89.45981262
2016/6/5,89.83559298
2016/6/6,91.5102566
2016/6/7,90.13337146
2016/6/8,90.94358144
2016/6/9,89.87046615
2016/6/10,90.33515827
2016/6/11,94.93577599
2016/6/12,105.2961791
2016/6/13,110.2692551
2016/6/14,107.3458981
2016/6/15,108.7675794
2016/6/16,120.0474715
2016/6/17,117.3497814
2016/6/18,118.5260646
2016/6/19,119.7438102
2016/6/20,115.610814
2016/6/21,104.5685388
2016/6/22,93.52371113
2016/6/23,97.9165642
2016/6/24,104.4223485
2016/6/25,104.421677
2016/6/26,98.8312698
2016/6/27,102.9237684
2016/6/28,101.6480877
2016/6/29,100.5542174
2016/6/30,105.8352933
2016/7/1,106.3267531
2016/7/2,110.6616601
2016/7/3,103.6044869
2016/7/4,107.5623264
2016/7/5,105.5358258
2016/7/6,106.6146558
2016/7/7,100.8488404
2016/7/8,104.960397
2016/7/9,102.5297487
2016/7/10,102.2899969
2016/7/11,102.0331058
2016/7/12,104.7057054
2016/7/13,103.1271984
2016/7/14,103.7072116
2016/7/15,104.5338269
2016/7/16,104.1541334
2016/7/17,107.1125936
2016/7/18,106.1229313
2016/7/19,106.0952887
2016/7/20,104.9752371
2016/7/21,104.8797838
2016/7/22,102.61989
2016/7/23,103.4088724
2016/7/24,104.3224393
2016/7/25,103.1988036
2016/7/26,102.8439568
2016/7/27,103.2592263
2016/7/28,103.3774885
2016/7/29,103.6981227
2016/7/30,103.4004042
2016/7/31,98.61863057
2016/8/1,95.72348148
2016/8/2,86.44868614
2016/8/3,89.44284614
2016/8/4,91.3382573
2016/8/5,90.83709739
2016/8/6,92.86056608
2016/8/7,93.64716452
2016/8/8,93.39906395
2016/8/9,92.89375601
2016/8/10,93.58445626
2016/8/11,93.1233319
2016/8/12,92.88724843
2016/8/13,92.58707952
2016/8/14,90.20855586
2016/8/15,89.70723755
2016/8/16,91.32938074
2016/8/17,90.66994498
2016/8/18,90.85482023
2016/8/19,91.07313039
2016/8/20,92.04385094
2016/8/21,91.99366254
2016/8/22,92.86644649
2016/8/23,92.34849214
2016/8/24,91.84724238
2016/8/25,91.47291987
2016/8/26,91.78144292
2016/8/27,90.25460586
2016/8/28,90.893108
2016/8/29,90.93416903
2016/8/30,91.48348112
2016/8/31,91.17109845
2016/9/1,90.6786228
2016/9/2,91.20153585
2016/9/3,94.80373828
2016/9/4,96.46839252
2016/9/5,96.15469538
2016/9/6,96.77432967
2016/9/7,97.43679244
2016/9/8,99.31406504
2016/9/9,98.77686235
2016/9/10,98.89124148
2016/9/11,96.24020831
2016/9/12,96.49384649
2016/9/13,96.66427226
2016/9/14,96.90461573
2016/9/15,96.35577016
2016/9/16,96.33711685
2016/9/17,96.19198665
2016/9/18,96.82000957
2016/9/19,96.72714915
2016/9/20,96.59273515
2016/9/21,94.83217581
2016/9/22,94.70696826
2016/9/23,95.75634139
2016/9/24,95.73392874
2016/9/25,95.46135306
2016/9/26,96.6192195
2016/9/27,96.33310584
2016/9/28,96.11530813
2016/9/29,96.27901998
2016/9/30,96.93192695
2016/10/1,97.61881352
2016/10/2,97.13776075
2016/10/3,97.34623662
2016/10/4,97.05097087
2016/10/5,97.43020648
2016/10/6,97.52309801
2016/10/7,98.18597601
2016/10/8,98.5145566
2016/10/9,98.15153929
2016/10/10,98.51765193
2016/10/11,102.0420741
2016/10/12,101.2764796
2016/10/13,101.3807224
2016/10/14,101.9630135
2016/10/15,101.6982097
2016/10/16,102.1834712
2016/10/17,101.8048816
2016/10/18,101.6202169
2016/10/19,100.4447629
2016/10/20,100.5084915
2016/10/21,100.8349581
2016/10/22,104.744589
2016/10/23,104.7210229
2016/10/24,104.2046409
2016/10/25,104.8257066
2016/10/26,108.1390749
2016/10/27,109.7483333
2016/10/28,109.974233
2016/10/29,113.94593
2016/10/30,111.94831
2016/10/31,111.8185864
2016/11/1,116.4285819
2016/11/2,118.2010522
2016/11/3,109.8966632
2016/11/4,112.2257746
2016/11/5,112.2673259
2016/11/6,113.5737903
2016/11/7,112.2467536
2016/11/8,113.3333788
2016/11/9,115.4897374
2016/11/10,114.268126
2016/11/11,114.4224741
2016/11/12,112.6227729
2016/11/13,112.1517828
2016/11/14,112.7108118
2016/11/15,113.7792784
2016/11/16,119.004341
2016/11/17,118.5039832
2016/11/18,120.2143527
2016/11/19,120.2326923
2016/11/20,116.9508482
2016/11/21,118.2789686
2016/11/22,120.227322
2016/11/23,119.1606195
2016/11/24,118.4866544
2016/11/25,118.7181539
2016/11/26,117.7289914
2016/11/27,117.2064465
2016/11/28,117.8262368
2016/11/29,117.8066721
2016/11/30,119.4353336
2016/12/1,121.2243592
2016/12/2,124.6293174
2016/12/3,123.5581707
2016/12/4,124.0077141
2016/12/5,121.5912194
2016/12/6,122.490938
2016/12/7,123.1337965
2016/12/8,123.57831
2016/12/9,123.9086807
2016/12/10,124.2196297
2016/12/11,123.448854
2016/12/12,125.1250051
2016/12/13,125.2177055
2016/12/14,125.3436844
2016/12/15,124.8475533
2016/12/16,125.9548438
2016/12/17,126.9194372
2016/12/18,126.8851446
2016/12/19,127.2509732
2016/12/20,128.5747668
2016/12/21,133.9545114
2016/12/22,138.829957
2016/12/23,148.0719243
2016/12/24,144.3676213
2016/12/25,143.9619873
2016/12/26,145.8139759
2016/12/27,149.9428962
2016/12/28,156.827766
2016/12/29,156.4562441
2016/12/30,154.5050863
2016/12/31,154.9255588
2017/1/1,160.5041453
2017/1/2,164.2907286
2017/1/3,167.8635462
2017/1/4,185.7183925
2017/1/5,163.0024309
2017/1/6,145.1369852
2017/1/7,146.1803776
2017/1/8,146.6196504
2017/1/9,145.2880874
2017/1/10,146.0868629
2017/1/11,125.1913728
2017/1/12,129.5672819
2017/1/13,132.6655552
2017/1/14,131.7859786
2017/1/15,132.3484318
2017/1/16,133.933765
2017/1/17,146.2577671
2017/1/18,142.8403237
2017/1/19,144.8661372
2017/1/20,144.2355227
2017/1/21,148.5690528
2017/1/22,149.0543498
2017/1/23,148.4800937
2017/1/24,143.9303149
2017/1/25,145.3749601
2017/1/26,147.9795528
2017/1/27,148.3483958
2017/1/28,148.6626384
2017/1/29,148.3438239
2017/1/30,148.5035881
2017/1/31,156.5917888
2017/2/1,159.6201643
2017/2/2,163.3154148
2017/2/3,166.2581457
2017/2/4,168.3743399
2017/2/5,165.8824355
2017/2/6,167.6434947
2017/2/7,171.4107624
2017/2/8,171.7079826
2017/2/9,160.6344196
2017/2/10,159.7305982
2017/2/11,162.2967927
2017/2/12,161.4628492
2017/2/13,160.1032355
2017/2/14,162.3720275
2017/2/15,162.8627667
2017/2/16,166.1098105
2017/2/17,169.1630676
2017/2/18,170.5102409
2017/2/19,169.4692116
2017/2/20,174.6832317
2017/2/21,180.413909
2017/2/22,180.7803211
2017/2/23,188.7741397
2017/2/24,189.9249373
2017/2/25,185.1194947
2017/2/26,188.6027648
2017/2/27,191.0135986
2017/2/28,191.0375152
2017/3/1,197.9445763
2017/3/2,202.584959
2017/3/3,206.4919057
2017/3/4,203.2996885
2017/3/5,205.2623519
2017/3/6,206.2101654
2017/3/7,198.2483586
2017/3/8,186.3527307
2017/3/9,192.611743
2017/3/10,181.0016637
2017/3/11,190.6053147
2017/3/12,198.0118001
2017/3/13,199.7437714
2017/3/14,201.077599
2017/3/15,202.6585882
2017/3/16,192.6577472
2017/3/17,178.4740396
2017/3/18,157.9875363
2017/3/19,168.2162703
2017/3/20,171.0724827
2017/3/21,181.85229
2017/3/22,170.2868785
2017/3/23,168.5932544
2017/3/24,152.2071512
2017/3/25,157.9478394
2017/3/26,156.9846712
2017/3/27,169.8387323
2017/3/28,170.0818661
2017/3/29,168.9335321
2017/3/30,166.756514
2017/3/31,174.1427187
2017/4/1,175.5766317
2017/4/2,179.1197995
2017/4/3,185.9123269
2017/4/4,184.2122635
2017/4/5,182.8586222
2017/4/6,192.2938481
2017/4/7,191.3773592
2017/4/8,191.24335
2017/4/9,193.2052972
2017/4/10,193.1058495
2017/4/11,196.0396523
2017/4/12,195.3065222
2017/4/13,190.2674571
2017/4/14,190.0042449
2017/4/15,190.8363691
2017/4/16,192.5537999
2017/4/17,194.3602202
2017/4/18,197.2732774
2017/4/19,197.0711974
2017/4/20,200.1516474
2017/4/21,199.032567
2017/4/22,200.6270754
2017/4/23,196.6599152
2017/4/24,203.6741437
2017/4/25,206.1967026
2017/4/26,208.7617859
2017/4/27,214.7581425
2017/4/28,214.5771102
2017/4/29,215.471034
2017/4/30,219.7515888
2017/5/1,231.7956632
2017/5/2,236.9150258
2017/5/3,243.0156071
2017/5/4,250.8084327
2017/5/5,253.7334788
2017/5/6,257.5762363
2017/5/7,260.5309526
2017/5/8,281.2339881
2017/5/9,286.4914165
2017/5/10,291.7093775
2017/5/11,301.7693587
2017/5/12,281.5059391
2017/5/13,294.7120448
2017/5/14,295.4032125
2017/5/15,283.9291018
2017/5/16,283.3081937
2017/5/17,300.4354587
2017/5/18,308.5655529
2017/5/19,324.7912925
2017/5/20,340.6863423
2017/5/21,333.6105041
2017/5/22,355.2571485
2017/5/23,379.3363494
2017/5/24,399.5287617
2017/5/25,376.9043244
2017/5/26,360.1760372
2017/5/27,333.4721637
2017/5/28,352.641799
2017/5/29,369.010887
2017/5/30,355.9484668
2017/5/31,374.1485175
2017/6/1,394.0768379
2017/6/2,407.3247665
2017/6/3,411.7723162
2017/6/4,411.241956
2017/6/5,439.9492982
2017/6/6,468.8859337
2017/6/7,447.481878
2017/6/8,459.572899
2017/6/9,462.6039482
2017/6/10,482.9555708
2017/6/11,484.7135191
2017/6/12,435.8534561
2017/6/13,445.3062421
2017/6/14,410.8263329
2017/6/15,404.0222046
2017/6/16,412.9188643
2017/6/17,435.479895
2017/6/18,417.8844764
2017/6/19,424.7079646
2017/6/20,446.4354937
2017/6/21,441.1185869
2017/6/22,443.8422347
2017/6/23,450.3784368
2017/6/24,428.0796412
2017/6/25,424.9497623
2017/6/26,406.7792543
2017/6/27,418.971777
2017/6/28,422.6899093
2017/6/29,416.9040893
2017/6/30,407.3513224
2017/7/1,399.7999904
2017/7/2,411.6709093
2017/7/3,421.1816392
2017/7/4,427.4056477
2017/7/5,427.51142
2017/7/6,428.6373569
2017/7/7,413.9126438
2017/7/8,422.6215204
2017/7/9,413.9710373
2017/7/10,390.0496623
2017/7/11,384.3841759
2017/7/12,394.4768618
2017/7/13,387.7900256
2017/7/14,367.3424087
2017/7/15,328.8070098
2017/7/16,317.4897662
2017/7/17,366.6539207
2017/7/18,381.5872797
2017/7/19,374.1499779
2017/7/20,463.7650202
2017/7/21,439.1527261
2017/7/22,462.6441063
2017/7/23,449.5779778
2017/7/24,453.6669226
2017/7/25,424.3386432
2017/7/26,416.6390031
2017/7/27,440.1359391
2017/7/28,462.7932034
2017/7/29,449.2452573
2017/7/30,454.3592883
2017/7/31,473.8830806
2017/8/1,448.0464026
2017/8/2,446.8466433
2017/8/3,462.4002682
2017/8/4,477.4938721
2017/8/5,536.4339474
2017/8/6,530.0643722
2017/8/7,557.3414607
2017/8/8,564.1731261
2017/8/9,551.4521613
2017/8/10,557.9116882
2017/8/11,602.4188312
2017/8/12,641.1110278
2017/8/13,672.3060974
2017/8/14,713.9470272
2017/8/15,690.3885798
2017/8/16,722.6015718
2017/8/17,715.2802104
2017/8/18,687.1084878
2017/8/19,692.6520895
2017/8/20,675.2040883
2017/8/21,661.0707254
2017/8/22,677.4322695
2017/8/23,685.9394643
2017/8/24,716.2594639
2017/8/25,722.4155752
2017/8/26,719.2994496
2017/8/27,724.4191115
2017/8/28,724.4560766
2017/8/29,756.9978659
2017/8/30,754.8278634
2017/8/31,777.7541726
2017/9/1,809.0501976
2017/9/2,757.3410721
2017/9/3,758.12213
2017/9/4,700.8708607
2017/9/5,724.1774114
2017/9/6,760.7709973
2017/9/7,761.3280961
2017/9/8,699.9951552
2017/9/9,699.6376762
2017/9/10,682.6377732
2017/9/11,689.0740904
2017/9/12,684.1288047
2017/9/13,643.1116155
2017/9/14,522.6543683
2017/9/15,602.6782197
2017/9/16,600.6864243
2017/9/17,593.780258
2017/9/18,673.7801802
2017/9/19,650.6126224
2017/9/20,647.5179484
2017/9/21,602.0238771
2017/9/22,602.0303132
2017/9/23,628.9203133
2017/9/24,610.8204955
2017/9/25,651.2218259
2017/9/26,645.693181
2017/9/27,696.9198186
2017/9/28,692.7078231
2017/9/29,690.8616804
2017/9/30,720.0846866
2017/10/1,730.9485025
2017/10/2,731.9572491
2017/10/3,716.8106121
2017/10/4,702.2495834
2017/10/5,718.7632918
2017/10/6,725.8919095
2017/10/7,735.2937388
2017/10/8,765.892691
2017/10/9,792.8219172
2017/10/10,794.5768014
2017/10/11,802.0517278
2017/10/12,905.2560465
2017/10/13,938.642614
2017/10/14,969.4249086
2017/10/15,944.0296584
2017/10/16,952.0347143
2017/10/17,932.1826893
2017/10/18,929.826031
2017/10/19,949.5483281
2017/10/20,1000.07111
2017/10/21,1003.536109
2017/10/22,999.8195065
2017/10/23,986.9502678
2017/10/24,919.8821995
2017/10/25,957.3270012
2017/10/26,983.1010415
2017/10/27,962.5435264
2017/10/28,957.9737318
2017/10/29,1024.825041
2017/10/30,1021.053367
2017/10/31,1077.438029
2017/11/1,1127.354274
2017/11/2,1179.333808
2017/11/3,1200.974177
2017/11/4,1229.787114
2017/11/5,1234.491274
2017/11/6,1170.505706
2017/11/7,1190.914462
2017/11/8,1243.608484
2017/11/9,1191.047402
2017/11/10,1103.540835
2017/11/11,1060.161103
2017/11/12,992.2623953
2017/11/13,1094.006703
2017/11/14,1106.831243
2017/11/15,1220.358272
2017/11/16,1313.284583
2017/11/17,1286.215843
2017/11/18,1299.972869
2017/11/19,1341.242327
2017/11/20,1368.818294
2017/11/21,1347.39657
2017/11/22,1377.979077
2017/11/23,1342.279179
2017/11/24,1378.319181
2017/11/25,1468.205231
2017/11/26,1558.508208
2017/11/27,1640.194413
2017/11/28,1680.556507
2017/11/29,1652.337836
2017/11/30,1710.197364
2017/12/1,1834.442982
2017/12/2,1851.214285
2017/12/3,1893.028013
2017/12/4,1949.124321
2017/12/5,1992.791049
2017/12/6,2390.248618
2017/12/7,2994.045344
2017/12/8,2771.861958
2017/12/9,2539.464638
2017/12/10,2586.160702
2017/12/11,2834.392479
2017/12/12,2914.835827
2017/12/13,2746.630838
2017/12/14,2773.105432
2017/12/15,2964.819306
2017/12/16,3265.018052
2017/12/17,3205.758296
2017/12/18,3201.746653
2017/12/19,2978.004211
2017/12/20,2785.295792
2017/12/21,2647.87889
2017/12/22,2317.884438
2017/12/23,2463.48808
2017/12/24,2334.138
2017/12/25,2351.270992
2017/12/26,2699.081372
2017/12/27,2655.5873
2017/12/28,2449.303005
2017/12/29,2457.939486
2017/12/30,2172.390529
2017/12/31,2374.665185
2018/1/1,2291.196666
2018/1/2,2513.779402
2018/1/3,2550.803827
2018/1/4,2617.949966
2018/1/5,2925.443322
2018/1/6,2942.168007
2018/1/7,2766.34594
2018/1/8,2547.149942
2018/1/9,2450.962252
2018/1/10,2514.730751
2018/1/11,2251.787372
2018/1/12,2348.65728
2018/1/13,2412.679064
2018/1/14,2314.127529
2018/1/15,2322.432645
2018/1/16,1931.219578
2018/1/17,1880.708179
2018/1/18,1929.078524
2018/1/19,1951.595175
2018/1/20,2169.077381
2018/1/21,1950.8998
2018/1/22,1838.669699
2018/1/23,1828.298531
2018/1/24,1911.149529
2018/1/25,1894.559671
2018/1/26,1879.958277
2018/1/27,1925.504059
2018/1/28,1983.907175
2018/1/29,1901.644843
2018/1/30,1701.520302
2018/1/31,1720.999809
2018/2/1,1544.286311
2018/2/2,1487.252674
2018/2/3,1545.400688
2018/2/4,1394.337446
2018/2/5,1171.844019
2018/2/6,1306.580864
2018/2/7,1284.350637
2018/2/8,1393.066315
2018/2/9,1472.660607
2018/2/10,1453.417671
2018/2/11,1370.646482
2018/2/12,1505.131501
2018/2/13,1449.959605
2018/2/14,1601.315074
2018/2/15,1714.777646
2018/2/16,1726.373643
2018/2/17,1874.813787
2018/2/18,1780.400515
2018/2/19,1894.269695
2018/2/20,1924.574072
2018/2/21,1804.425818
2018/2/22,1688.92208
2018/2/23,1739.093113
2018/2/24,1656.878374
2018/2/25,1632.041033
2018/2/26,1750.754571
2018/2/27,1811.582364
2018/2/28,1756.449115
2018/3/1,1850.095221
2018/3/2,1873.195968
2018/3/3,1941.596024
2018/3/4,1945.669597
2018/3/5,1956.1446
2018/3/6,1822.245468
2018/3/7,1684.796757
2018/3/8,1588.522179
2018/3/9,1578.981676
2018/3/10,1499.398302
2018/3/11,1620.097083
2018/3/12,1557.108811
2018/3/13,1555.555877
2018/3/14,1399.207702
2018/3/15,1404.607757
2018/3/16,1411.118492
2018/3/17,1339.935015
2018/3/18,1392.01741
2018/3/19,1461.074714
2018/3/20,1509.094827
2018/3/21,1511.939221
2018/3/22,1478.091825
2018/3/23,1503.835604
2018/3/24,1468.188353
2018/3/25,1439.142699
2018/3/26,1390.781359
2018/3/27,1327.170786
2018/3/28,1347.883069
2018/3/29,1214.360381
2018/3/30,1167.865542
2018/3/31,1182.046837
2018/4/1,1160.267674
2018/4/2,1201.019296
2018/4/3,1264.292022
2018/4/4,1162.295876
2018/4/5,1155.244577
2018/4/6,1125.651954
2018/4/7,1172.414489
2018/4/8,1191.629388
2018/4/9,1148.862774
2018/4/10,1159.78355
2018/4/11,1182.672614
2018/4/12,1339.126103
2018/4/13,1340.429758
2018/4/14,1355.893387
2018/4/15,1414.270946
2018/4/16,1368.494488
2018/4/17,1342.066371
2018/4/18,1386.611164
2018/4/19,1409.027771
2018/4/20,1502.871645
2018/4/21,1511.501053
2018/4/22,1495.855062
2018/4/23,1517.849259
2018/4/24,1648.332563
2018/4/25,1503.693033
2018/4/26,1577.932735
2018/4/27,1528.029545
2018/4/28,1589.631096
2018/4/29,1601.823551
2018/4/30,1571.63927
2018/5/1,1551.142112
2018/5/2,1571.199033
2018/5/3,1657.783861
2018/5/4,1650.628592
2018/5/5,1677.600102
2018/5/6,1643.166518
2018/5/7,1595.380951
2018/5/8,1572.020818
2018/5/9,1587.588363
2018/5/10,1539.884605
2018/5/11,1437.437728
2018/5/12,1448.410514
2018/5/13,1485.878347
2018/5/14,1484.801929
2018/5/15,1449.79809
2018/5/16,1425.875325
2018/5/17,1379.237281
2018/5/18,1406.076796
2018/5/19,1405.591909
2018/5/20,1451.094959
2018/5/21,1435.189808
2018/5/22,1371.040442
2018/5/23,1288.685098
2018/5/24,1293.854055
2018/5/25,1275.737178
2018/5/26,1254.69001
2018/5/27,1256.949879
2018/5/28,1217.474184
2018/5/29,1275.027317
2018/5/30,1263.918605
2018/5/31,1279.029814
2018/6/1,1287.25858
2018/6/2,1304.815627
2018/6/3,1318.080213
2018/6/4,1283.122507
2018/6/5,1303.658474
2018/6/6,1307.251699
2018/6/7,1311.532065
2018/6/8,1302.562173
2018/6/9,1286.82077
2018/6/10,1159.483382
2018/6/11,1180.258258
2018/6/12,1124.917967
2018/6/13,1085.306342
2018/6/14,1141.060198
2018/6/15,1103.787871
2018/6/16,1119.920266
2018/6/17,1111.347384
2018/6/18,1151.761279
2018/6/19,1157.898765
2018/6/20,1159.162955
2018/6/21,1151.297124
2018/6/22,1040.888474
2018/6/23,1054.492511
2018/6/24,1056.465296
2018/6/25,1069.5851
2018/6/26,1043.079629
2018/6/27,1054.036488
2018/6/28,1010.723525
2018/6/29,1064.747039
2018/6/30,1096.656182
2018/7/1,1093.660216
2018/7/2,1132.888355
2018/7/3,1118.494254
2018/7/4,1130.245192
2018/7/5,1137.48388
2018/7/6,1143.505026
2018/7/7,1175.06609
2018/7/8,1160.970193
2018/7/9,1155.578895
2018/7/10,1085.11013
2018/7/11,1096.318668
2018/7/12,1067.988658
2018/7/13,1069.684374
2018/7/14,1076.314558
2018/7/15,1090.745823
2018/7/16,1156.38204
2018/7/17,1255.889644
2018/7/18,1264.581617
2018/7/19,1281.227284
2018/7/20,1262.025682
2018/7/21,1273.334688
2018/7/22,1273.366193
2018/7/23,1323.753661
2018/7/24,1446.349104
2018/7/25,1404.829527
2018/7/26,1365.530811
2018/7/27,1402.355696
2018/7/28,1407.165673
2018/7/29,1411.858441
2018/7/30,1405.471066
2018/7/31,1336.885339
2018/8/1,1310.301191
2018/8/2,1300.520903
2018/8/3,1277.858374
2018/8/4,1208.996754
2018/8/5,1215.261294
2018/8/6,1195.314632
2018/8/7,1161.284258
2018/8/8,1084.48465
2018/8/9,1129.739377
2018/8/10,1063.909605
2018/8/11,1083.142737
2018/8/12,1087.90174
2018/8/13,1083.696416
2018/8/14,1066.964389
2018/8/15,1085.817818
2018/8/16,1090.453089
2018/8/17,1132.90714
2018/8/18,1106.029857
2018/8/19,1120.318186
2018/8/20,1086.422216
2018/8/21,1117.580289
2018/8/22,1098.408426
2018/8/23,1125.773755
2018/8/24,1157.783161
2018/8/25,1165.344128
2018/8/26,1155.85151
2018/8/27,1186.578207
2018/8/28,1223.191415
2018/8/29,1214.846859
2018/8/30,1203.098783
2018/8/31,1213.466146
2018/9/1,1240.446002
2018/9/2,1254.276995
2018/9/3,1252.227106
2018/9/4,1269.869614
2018/9/5,1171.856253
2018/9/6,1126.495642
2018/9/7,1115.904131
2018/9/8,1074.421647
2018/9/9,1087.47097
2018/9/10,1092.555478
2018/9/11,1091.198764
2018/9/12,1096.615348
2018/9/13,1125.309375
2018/9/14,1124.623766
2018/9/15,1130.003702
2018/9/16,1125.624293
2018/9/17,1084.970632
2018/9/18,1100.646314
2018/9/19,1105.477109
2018/9/20,1126.530698
2018/9/21,1163.851136
2018/9/22,1161.739267
2018/9/23,1159.904699
2018/9/24,1140.111137
2018/9/25,1114.500304
2018/9/26,1123.003277
2018/9/27,1154.547858
2018/9/28,1149.035231
2018/9/29,1141.867633
2018/9/30,1146.084614
2018/10/1,1139.999326
2018/10/2,1134.309961
2018/10/3,1125.169996
2018/10/4,1138.112665
2018/10/5,1146.148488
2018/10/6,1140.33583
2018/10/7,1142.987992
2018/10/8,1151.628389
2018/10/9,1150.078379
2018/10/10,1140.309083
2018/10/11,1083.416445
2018/10/12,1086.695615
2018/10/13,1088.78107
2018/10/14,1089.725511
2018/10/15,1142.800653
2018/10/16,1142.837809
2018/10/17,1133.99313
2018/10/18,1122.372346
2018/10/19,1120.530186
2018/10/20,1124.766428
2018/10/21,1123.690742
2018/10/22,1124.651402
2018/10/23,1122.798263
2018/10/24,1126.37232
2018/10/25,1123.095298
2018/10/26,1122.942733
2018/10/27,1124.030245
2018/10/28,1125.18369
2018/10/29,1098.629469
2018/10/30,1099.035099
2018/10/31,1096.270725
2018/11/1,1106.838438
2018/11/2,1108.801603
2018/11/3,1104.211737
2018/11/4,1106.892046
2018/11/5,1114.561867
2018/11/6,1121.846595
2018/11/7,1133.956181
2018/11/8,1120.783341
2018/11/9,1109.057204
2018/11/10,1113.261521
2018/11/11,1113.734215
2018/11/12,1106.896106
2018/11/13,1104.945248
2018/11/14,997.1206044
2018/11/15,981.5169022
2018/11/16,969.0079093
2018/11/17,965.4209745
2018/11/18,977.5374239
2018/11/19,846.8861937
2018/11/20,774.0111398
2018/11/21,800.2013132
2018/11/22,759.1942389
2018/11/23,755.9890584
2018/11/24,674.9563563
2018/11/25,697.4923172
2018/11/26,657.3931877
2018/11/27,664.6902737
2018/11/28,740.7261102
2018/11/29,744.5101693
2018/11/30,699.0463706
2018/12/1,733.4619497
2018/12/2,720.5048751
2018/12/3,677.7905017
2018/12/4,688.7829261
2018/12/5,653.5249634
2018/12/6,613.0396551
2018/12/7,595.4764558
2018/12/8,605.3127839
2018/12/9,629.4216093
2018/12/10,610.0444598
2018/12/11,596.502011
2018/12/12,607.4162543
2018/12/13,577.2868822
2018/12/14,564.9437946
2018/12/15,564.0069142
2018/12/16,566.8543664
2018/12/17,617.9892669
2018/12/18,644.225878
2018/12/19,652.9913279
2018/12/20,720.7824377
2018/12/21,679.3765026
2018/12/22,699.9750829
2018/12/23,697.4121742
2018/12/24,711.3754859
2018/12/25,665.5603317
2018/12/26,672.9281946
2018/12/27,637.687571
2018/12/28,684.7183797
2018/12/29,666.7224416
2018/12/30,674.7551283
2018/12/31,653.3149916
2019/1/1,670.9863418
2019/1/2,688.4985673
2019/1/3,669.949209
2019/1/4,673.683335
2019/1/5,671.5757094
2019/1/6,712.0679585
2019/1/7,703.1630558
2019/1/8,704.2274385
2019/1/9,705.0873346
2019/1/10,642.8893289
2019/1/11,644.4330112
2019/1/12,639.9414088
2019/1/13,621.0646167
2019/1/14,647.8962
2019/1/15,634.7781796
2019/1/16,639.0934878
2019/1/17,643.2704825
2019/1/18,639.7099187
2019/1/19,652.1410366
2019/1/20,629.9014328
2019/1/21,625.5986961
2019/1/22,630.6513942
2019/1/23,627.3136127
2019/1/24,630.1406601
2019/1/25,630.0098591
2019/1/26,630.5489896
2019/1/27,627.3727409
2019/1/28,607.5657031
2019/1/29,603.718741
2019/1/30,610.4426262
2019/1/31,605.5390393
2019/2/1,610.8874749
2019/2/2,616.7511906
2019/2/3,606.8184761
2019/2/4,606.0308346
2019/2/5,607.3556349
2019/2/6,598.2115861
2019/2/7,595.7807599
2019/2/8,642.7026995
2019/2/9,643.5473248
2019/2/10,646.9402595
2019/2/11,639.6839025
2019/2/12,640.6375525
2019/2/13,636.9439452
2019/2/14,634.3448605
2019/2/15,635.0911113
2019/2/16,636.733692
2019/2/17,644.5336878
2019/2/18,687.0438999
2019/2/19,692.6267324
2019/2/20,701.9435004
2019/2/21,693.9833388
2019/2/22,703.0855586
2019/2/23,727.2086721
2019/2/24,668.974834
2019/2/25,681.7320465
2019/2/26,676.8329622
2019/2/27,676.319495
2019/2/28,677.0477411
2019/3/1,677.9696574
2019/3/2,678.8825537
2019/3/3,675.9237637
2019/3/4,660.9455159
2019/3/5,684.706554
2019/3/6,686.0988578
2019/3/7,687.4942131
2019/3/8,685.7457932
2019/3/9,696.7450865
2019/3/10,694.7529737
2019/3/11,686.6692803
2019/3/12,687.4300058
2019/3/13,687.0670038
2019/3/14,690.2469631
2019/3/15,696.7500238
2019/3/16,712.2796757
2019/3/17,708.2193959
2019/3/18,709.5816541
2019/3/19,716.4770383
2019/3/20,719.4244409
2019/3/21,709.2622688
2019/3/22,708.400481
2019/3/23,710.5601791
2019/3/24,708.2304299
2019/3/25,697.8987237
2019/3/26,701.841472
2019/3/27,719.8784757
2019/3/28,716.7899892
2019/3/29,722.0208888
2019/3/30,723.5519065
2019/3/31,723.3937904
2019/4/1,732.6936875
2019/4/2,859.8600927
2019/4/3,876.5528814
2019/4/4,867.7872782
2019/4/5,887.9611865
2019/4/6,892.1273345
2019/4/7,916.7423019
2019/4/8,932.8636597
2019/4/9,917.9933043
2019/4/10,939.1843927
2019/4/11,893.4116846
2019/4/12,897.9263305
2019/4/13,899.2557487
2019/4/14,911.8859534
2019/4/15,894.222376
2019/4/16,924.046133
2019/4/17,927.0261746
2019/4/18,935.3240274
2019/4/19,936.38345
2019/4/20,942.4871744
2019/4/21,938.4705226
2019/4/22,953.5420778
2019/4/23,984.17387
2019/4/24,965.3003814
2019/4/25,920.4649286
2019/4/26,932.7228796
2019/4/27,930.8615656
2019/4/28,933.9124439
2019/4/29,927.3751087
2019/4/30,945.7382683
2019/5/1,955.0111009
2019/5/2,973.3011215
2019/5/3,1019.862409
2019/5/4,1031.120213
2019/5/5,1024.944202
2019/5/6,1016.404711
2019/5/7,1031.123686
2019/5/8,1058.291436
2019/5/9,1092.386008
2019/5/10,1128.63284
2019/5/11,1274.884352
2019/5/12,1233.897102
2019/5/13,1383.165738
2019/5/14,1415.086567
2019/5/15,1452.543325
2019/5/16,1395.995593
2019/5/17,1300.347776
2019/5/18,1287.617271
2019/5/19,1451.850767
2019/5/20,1413.156957
2019/5/21,1410.655736
2019/5/22,1360.63899
2019/5/23,1396.54107
2019/5/24,1415.391156
2019/5/25,1427.081888
2019/5/26,1537.254861
2019/5/27,1560.937548
2019/5/28,1545.902023
2019/5/29,1535.370477
2019/5/30,1475.251411
2019/5/31,1520.598864
2019/6/1,1518.902143
2019/6/2,1550.772314
2019/6/3,1456.190473
2019/6/4,1367.427905
2019/6/5,1388.246517
2019/6/6,1388.007255
2019/6/7,1427.546936
2019/6/8,1411.728416
2019/6/9,1364.650985
2019/6/10,1420.233511
2019/6/11,1407.485375
2019/6/12,1446.346847
2019/6/13,1461.603171
2019/6/14,1543.988802
2019/6/15,1569.821388
2019/6/16,1597.694234
2019/6/17,1655.733723
2019/6/18,1613.536372
2019/6/19,1647.808559
2019/6/20,1693.047848
2019/6/21,1802.932415
2019/6/22,1902.141248
2019/6/23,1929.700904
2019/6/24,1957.626687
2019/6/25,2096.479434
2019/6/26,2314.621172
2019/6/27,1988.78941
2019/6/28,2206.814597
2019/6/29,2127.397131
2019/6/30,1924.420658
2019/7/1,1882.976376
2019/7/2,1922.065368
2019/7/3,2128.670792
2019/7/4,1996.174044
2019/7/5,1954.246783
2019/7/6,1995.461109
2019/7/7,2038.818913
2019/7/8,2187.783554
2019/7/9,2239.281286
2019/7/10,2165.159995
2019/7/11,2023.241747
2019/7/12,2104.944178
2019/7/13,2029.68191
2019/7/14,1827.419336
2019/7/15,1941.476275
2019/7/16,1689.08641
2019/7/17,1727.772505
2019/7/18,1901.299181
2019/7/19,1877.255786
2019/7/20,1919.636913
2019/7/21,1889.87476
2019/7/22,1844.434407
2019/7/23,1765.728907
2019/7/24,1750.057608
2019/7/25,1768.064511
2019/7/26,1760.859684
2019/7/27,1690.995404
2019/7/28,1704.619581
2019/7/29,1698.803438
2019/7/30,1714.724525
2019/7/31,1800.289596
2019/8/1,1856.532034
2019/8/2,1877.91091
2019/8/3,1932.339606
2019/8/4,1959.078754
2019/8/5,2108.488221
2019/8/6,2050.233478
2019/8/7,2133.304268
2019/8/8,2137.880892
2019/8/9,2119.613191
2019/8/10,2028.900205
2019/8/11,2059.416322
2019/8/12,2034.41495
2019/8/13,1947.626966
2019/8/14,1796.928034
2019/8/15,1843.576666
2019/8/16,1855.000553
2019/8/17,1829.668572
2019/8/18,1850.22921
2019/8/19,1952.43306
2019/8/20,1925.302836
2019/8/21,1813.645021
2019/8/22,1812.571258
2019/8/23,1862.314097
2019/8/24,1818.136318
2019/8/25,1814.501862
2019/8/26,1856.252359
2019/8/27,1823.25541
2019/8/28,1746.274604
2019/8/29,1702.749101
2019/8/30,1718.692165
2019/8/31,1724.707435
2019/9/1,1747.682929
2019/9/2,1853.331142
2019/9/3,1903.12488
2019/9/4,1898.100106
2019/9/5,1894.924054
2019/9/6,1855.304054
2019/9/7,1884.885259
2019/9/8,1871.50078
2019/9/9,1852.63579
2019/9/10,1813.607314
2019/9/11,1825.027882
2019/9/12,1866.789431
2019/9/13,1858.09163
2019/9/14,1857.843003
2019/9/15,1856.181744
2019/9/16,1843.668276
2019/9/17,1837.485158
2019/9/18,1829.988992
2019/9/19,1842.409496
2019/9/20,1827.389477
2019/9/21,1798.532873
2019/9/22,1807.840517
2019/9/23,1746.74558
2019/9/24,1547.858219
2019/9/25,1524.040051
2019/9/26,1458.124925
2019/9/27,1482.126358
2019/9/28,1481.225036
2019/9/29,1455.903747
2019/9/30,1490.115674
2019/10/1,1499.139728
2019/10/2,1508.237977
2019/10/3,1484.481628
2019/10/4,1474.918041
2019/10/5,1465.292297
2019/10/6,1436.076729
2019/10/7,1482.525898
2019/10/8,1479.6607
2019/10/9,1545.796561
2019/10/10,1544.305152
2019/10/11,1496.856183
2019/10/12,1499.657676
2019/10/13,1497.008179
2019/10/14,1506.804991
2019/10/15,1476.500822
2019/10/16,1448.239936
2019/10/17,1458.539943
2019/10/18,1435.176304
2019/10/19,1438.081638
2019/10/20,1480.265971
2019/10/21,1484.327332
2019/10/22,1454.6966
2019/10/23,1353.373643
2019/10/24,1349.684103
2019/10/25,1560.066036
2019/10/26,1665.473608
2019/10/27,1720.870399
2019/10/28,1667.773927
2019/10/29,1698.838663
2019/10/30,1658.995007
2019/10/31,1658.042278
2019/11/1,1669.280442
2019/11/2,1680.903929
2019/11/3,1664.953195
2019/11/4,1697.063329
2019/11/5,1684.597788
2019/11/6,1688.061516
2019/11/7,1671.387229
2019/11/8,1588.085707
2019/11/9,1589.814897
2019/11/10,1633.644067
2019/11/11,1580.097724
2019/11/12,1590.687129
2019/11/13,1589.499428
2019/11/14,1571.609746
2019/11/15,1532.774836
2019/11/16,1543.540542
2019/11/17,1548.618424
2019/11/18,1500.257123
2019/11/19,1481.783768
2019/11/20,1449.627274
2019/11/21,1380.318854
2019/11/22,1317.917837
2019/11/23,1336.36206
2019/11/24,1273.273986
2019/11/25,1291.129529
2019/11/26,1304.290187
2019/11/27,1361.027129
2019/11/28,1348.79411
2019/11/29,1402.801085
2019/11/30,1368.29391
2019/12/1,1342.151454
2019/12/2,1323.789824
2019/12/3,1323.599423
2019/12/4,1311.430739
2019/12/5,1347.06455
2019/12/6,1365.048839
2019/12/7,1366.867695
2019/12/8,1368.474199
2019/12/9,1339.040058
2019/12/10,1316.961219
2019/12/11,1306.098955
2019/12/12,1310.871511
2019/12/13,1315.813778
2019/12/14,1289.702212
2019/12/15,1294.814246
2019/12/16,1255.15587
2019/12/17,1202.342448
2019/12/18,1317.549698
2019/12/19,1304.457587
2019/12/20,1307.52797
2019/12/21,1302.676559
2019/12/22,1360.88022
2019/12/23,1332.757091
2019/12/24,1326.875833
2019/12/25,1318.406413
2019/12/26,1312.000301
2019/12/27,1321.39503
2019/12/28,1326.590597
2019/12/29,1345.708358
2019/12/30,1322.351282
2019/12/31,1304.461126
2020/1/1,1305.808291
2020/1/2,1266.993952
2020/1/3,1332.334448
2020/1/4,1344.42464
2020/1/5,1344.695482
2020/1/6,1409.764573
2020/1/7,1481.522377
2020/1/8,1466.451624
2020/1/9,1430.165728
2020/1/10,1482.499073
2020/1/11,1459.241999
2020/1/12,1487.52957
2020/1/13,1478.90526
2020/1/14,1603.194849
2020/1/15,1599.591912
2020/1/16,1584.65056
2020/1/17,1622.111488
2020/1/18,1624.759659
2020/1/19,1581.943197
2020/1/20,1573.275533
2020/1/21,1589.479968
2020/1/22,1577.832731
2020/1/23,1528.133296
2020/1/24,1535.368298
2020/1/25,1521.432626
2020/1/26,1563.221746
2020/1/27,1620.279574
2020/1/28,1702.05618
2020/1/29,1694.609846
2020/1/30,1729.785779
2020/1/31,1701.127782
2020/2/1,1709.006622
2020/2/2,1700.349767
2020/2/3,1691.26861
2020/2/4,1670.936362
2020/2/5,1749.834239
2020/2/6,1771.182744
2020/2/7,1783.394372
2020/2/8,1796.158283
2020/2/9,1842.147654
2020/2/10,1794.948093
2020/2/11,1859.17115
2020/2/12,1880.812044
2020/2/13,1860.650035
2020/2/14,1878.626454
2020/2/15,1801.799962
2020/2/16,1810.176653
2020/2/17,1765.85281
2020/2/18,1848.385127
2020/2/19,1755.859317
2020/2/20,1751.471422
2020/2/21,1765.870874
2020/2/22,1761.806965
2020/2/23,1809.632335
2020/2/24,1759.778085
2020/2/25,1703.695816
2020/2/26,1608.79489
2020/2/27,1602.384969
2020/2/28,1582.11707
2020/2/29,1568.959881
2020/3/1,1562.389877
2020/3/2,1618.611677
2020/3/3,1603.835794
2020/3/4,1598.078573
2020/3/5,1657.316799
2020/3/6,1665.48262
2020/3/7,1626.849459
2020/3/8,1480.602846
2020/3/9,1447.063538
2020/3/10,1444.655677
2020/3/11,1445.084027
2020/3/12,908.046136
2020/3/13,1016.44613
2020/3/14,950.1498194
2020/3/15,985.3005989
2020/3/16,916.3347885
2020/3/17,954.9994118
2020/3/18,957.4071553
2020/3/19,1131.6208
2020/3/20,1133.092459
2020/3/21,1130.681928
2020/3/22,1065.911961
2020/3/23,1173.147762
2020/3/24,1231.489178
2020/3/25,1221.740091
2020/3/26,1228.343752
2020/3/27,1183.360822
2020/3/28,1141.836896
2020/3/29,1083.385202
2020/3/30,1176.401437
2020/3/31,1178.140773
2020/4/1,1209.030147
2020/4/2,1243.351306
2020/4/3,1232.440511
2020/4/4,1257.128345
2020/4/5,1243.288535
2020/4/6,1331.404009
2020/4/7,1314.092994
2020/4/8,1343.09895
2020/4/9,1337.37857
2020/4/10,1257.554961
2020/4/11,1256.516231
2020/4/12,1277.168462
2020/4/13,1254.222212
2020/4/14,1253.88688
2020/4/15,1217.319406
2020/4/16,1304.454133
2020/4/17,1300.784721
2020/4/18,1330.531369
2020/4/19,1318.158539
2020/4/20,1261.922399
2020/4/21,1261.752386
2020/4/22,1305.309161
2020/4/23,1362.75638
2020/4/24,1385.120295
2020/4/25,1388.740723
2020/4/26,1409.038676
2020/4/27,1430.409886
2020/4/28,1432.662523
2020/4/29,1615.224714
2020/4/30,1589.221339
2020/5/1,1627.226524
2020/5/2,1650.123076
2020/5/3,1633.581892
2020/5/4,1636.544936
2020/5/5,1653.324888
2020/5/6,1702.296209
2020/5/7,1827.873766
2020/5/8,1808.048598
2020/5/9,1762.513957
2020/5/10,1608.847552
2020/5/11,1580.592353
2020/5/12,1617.915773
2020/5/13,1703.527101
2020/5/14,1788.816415
2020/5/15,1714.363418
2020/5/16,1723.409566
2020/5/17,1777.454045
2020/5/18,1787.794835
2020/5/19,1788.31635
2020/5/20,1750.509635
2020/5/21,1669.479879
2020/5/22,1688.0762
2020/5/23,1693.054924
2020/5/24,1616.104146
2020/5/25,1637.604531
2020/5/26,1624.455352
2020/5/27,1688.147005
2020/5/28,1751.612353
2020/5/29,1735.757564
2020/5/30,1783.901298
2020/5/31,1739.971519
2020/6/1,1869.934057
2020/6/2,1752.772182
2020/6/3,1776.196311
2020/6/4,1802.761535
2020/6/5,1778.018251
2020/6/6,1775.956579
2020/6/7,1795.402537
2020/6/8,1797.825765
2020/6/9,1802.378175
2020/6/10,1816.167654
2020/6/11,1715.38133
2020/6/12,1744.748969
2020/6/13,1743.818197
2020/6/14,1727.632398
2020/6/15,1739.476078
2020/6/16,1755.639634
2020/6/17,1745.088056
2020/6/18,1732.566887
2020/6/19,1709.856257
2020/6/20,1718.094387
2020/6/21,1712.894151
2020/6/22,1776.513974
2020/6/23,1773.100521
2020/6/24,1714.987813
2020/6/25,1706.082895
2020/6/26,1687.413676
2020/6/27,1665.848315
2020/6/28,1684.018061
2020/6/29,1692.806592
2020/6/30,1683.156063
2020/7/1,1699.887566
2020/7/2,1680.655864
2020/7/3,1674.097204
2020/7/4,1682.510767
2020/7/5,1671.817262
2020/7/6,1727.461038
2020/7/7,1704.854723
2020/7/8,1737.385431
2020/7/9,1709.772316
2020/7/10,1710.019338
2020/7/11,1703.022348
2020/7/12,1709.774229
2020/7/13,1703.796771
2020/7/14,1703.806705
2020/7/15,1694.600746
2020/7/16,1683.50502
2020/7/17,1687.104276
2020/7/18,1688.589723
2020/7/19,1693.6022
2020/7/20,1689.702629
2020/7/21,1728.617324
2020/7/22,1756.448444
2020/7/23,1766.802375
2020/7/24,1758.750165
2020/7/25,1784.696141
2020/7/26,1826.853281
2020/7/27,2027.195817
2020/7/28,2012.900222
2020/7/29,2047.614551
2020/7/30,2049.690478
2020/7/31,2088.953085
2020/8/1,2169.506691
2020/8/2,2039.361367
2020/8/3,2075.034235
2020/8/4,2067.671356
2020/8/5,2167.614924
2020/8/6,2173.77233
2020/8/7,2140.97928
2020/8/8,2169.241479
2020/8/9,2154.903643
2020/8/10,2192.354054
2020/8/11,2106.161219
2020/8/12,2138.466665
2020/8/13,2175.347284
2020/8/14,2172.651205
2020/8/15,2190.643727
2020/8/16,2195.760922
2020/8/17,2262.617476
2020/8/18,2214.130976
2020/8/19,2171.220683
2020/8/20,2193.503103
2020/8/21,2140.824019
2020/8/22,2157.420689
2020/8/23,2154.399673
2020/8/24,2174.779627
2020/8/25,2099.427445
2020/8/26,2122.105344
2020/8/27,2091.724368
2020/8/28,2132.316616
2020/8/29,2125.83871
2020/8/30,2163.7366
2020/8/31,2158.176778
2020/9/1,2211.810016
2020/9/2,2109.097937
2020/9/3,1893.220691
2020/9/4,1942.558187
2020/9/5,1879.401413
2020/9/6,1899.972144
2020/9/7,1916.572039
2020/9/8,1872.673367
2020/9/9,1893.255072
2020/9/10,1915.683871
2020/9/11,1922.757917
2020/9/12,1930.494933
2020/9/13,1908.707591
2020/9/14,1974.842729
2020/9/15,1996.418968
2020/9/16,2029.429257
2020/9/17,2024.757617
2020/9/18,2024.058099
2020/9/19,2051.856963
2020/9/20,2023.089279
2020/9/21,1935.143271
2020/9/22,1949.321979
2020/9/23,1898.426241
2020/9/24,1993.643153
2020/9/25,1981.164609
2020/9/26,1991.912126
2020/9/27,1996.460012
2020/9/28,1984.302348
2020/9/29,2009.3133
2020/9/30,1998.168718
2020/10/1,1967.58989
2020/10/2,1959.534423
2020/10/3,1954.597381
2020/10/4,1976.878179
2020/10/5,1999.808062
2020/10/6,1964.802138
2020/10/7,1976.764492
2020/10/8,2022.476591
2020/10/9,2050.041291
2020/10/10,2093.008823
2020/10/11,2109.280358
2020/10/12,2141.821177
2020/10/13,2117.017035
2020/10/14,2117.685438
2020/10/15,2129.884937
2020/10/16,2097.789045
2020/10/17,2104.455296
2020/10/18,2127.663414
2020/10/19,2175.591767
2020/10/20,2207.886102
2020/10/21,2376.002756
2020/10/22,2402.35029
2020/10/23,2395.985422
2020/10/24,2428.69212
2020/10/25,2414.446078
2020/10/26,2422.612097
2020/10/27,2529.885134
2020/10/28,2458.998245
2020/10/29,2489.953225
2020/10/30,2510.181549
2020/10/31,2553.720711
2020/11/1,2545.697591
2020/11/2,2511.198644
2020/11/3,2585.414418
2020/11/4,2619.542132
2020/11/5,2887.715097
2020/11/6,2885.26921
2020/11/7,2749.703331
2020/11/8,2869.551829
2020/11/9,2842.361088
2020/11/10,2834.68381
2020/11/11,2910.772141
2020/11/12,3017.368538
2020/11/13,3025.055332
2020/11/14,2978.770684
2020/11/15,2957.905516
2020/11/16,3108.147972
2020/11/17,3272.570949
2020/11/18,3302.180141
2020/11/19,3304.751671
2020/11/20,3454.118811
2020/11/21,3458.192342
2020/11/22,3407.901833
2020/11/23,3406.980703
2020/11/24,3545.04361
2020/11/25,3475.588035
2020/11/26,3182.319643
2020/11/27,3174.644605
2020/11/28,3287.828322
2020/11/29,3373.365921
2020/11/30,3642.393068
2020/12/1,3496.993282
2020/12/2,3563.810076
2020/12/3,3609.33936
2020/12/4,3471.113511
2020/12/5,3555.639383
2020/12/6,3591.235412
2020/12/7,3562.932298
2020/12/8,3401.487643
2020/12/9,3444.864835
2020/12/10,3391.369396
2020/12/11,3353.261689
2020/12/12,3491.706139
2020/12/13,3554.791738
2020/12/14,3574.3255
2020/12/15,3606.14771
2020/12/16,3957.998637
2020/12/17,4235.76935
2020/12/18,4297.810925
2020/12/19,4433.992673
2020/12/20,4361.293315
2020/12/21,4236.250886
2020/12/22,4418.509021
2020/12/23,4318.087786
2020/12/24,4410.171978
2020/12/25,4582.972327
2020/12/26,4912.508632
2020/12/27,4882.132684
2020/12/28,5033.393299
2020/12/29,5085.236871
2020/12/30,5360.338072
2020/12/31,5390.511381
2021/1/1,5460.015948
2021/1/2,5972.059447
2021/1/3,6094.092131
2021/1/4,5943.840254
2021/1/5,6319.80006
2021/1/6,6846.712463
2021/1/7,7320.626811
2021/1/8,7586.259413
2021/1/9,7485.63483
2021/1/10,7133.046178
2021/1/11,6614.573214
2021/1/12,6309.204227
2021/1/13,6940.695822
2021/1/14,7289.04367
2021/1/15,6850.058645
2021/1/16,6730.006452
2021/1/17,6658.316214
2021/1/18,6814.700306
2021/1/19,6710.812007
2021/1/20,6614.001022
2021/1/21,5735.656649
2021/1/22,6141.605215
2021/1/23,5967.331376
2021/1/24,6008.88568
2021/1/25,6023.500971
2021/1/26,6061.692604
2021/1/27,5664.174136
2021/1/28,6245.0055
2021/1/29,6387.686714
2021/1/30,6379.245733
2021/1/31,6164.527445
2021/2/1,6243.490444
2021/2/2,6611.145817
2021/2/3,6976.729105
2021/2/4,6875.427525
2021/2/5,7102.667525
2021/2/6,7311.924901
2021/2/7,7244.788332
2021/2/8,8603.427063
2021/2/9,8656.829566
2021/2/10,8366.169075
2021/2/11,8923.648561
2021/2/12,8848.740506
2021/2/13,8774.788945
2021/2/14,9075.513302
2021/2/15,8932.1008
2021/2/16,9166.234183
2021/2/17,9716.116265
2021/2/18,9629.15078
2021/2/19,10413.80697
2021/2/20,10453.71088
2021/2/21,10724.2153
2021/2/22,10102.05213
2021/2/23,9099.258545
2021/2/24,9263.930908
2021/2/25,8777.661261
2021/2/26,8637.522751
2021/2/27,8609.781354
2021/2/28,8414.289775
2021/3/1,9252.355279
2021/3/2,9019.336833
2021/3/3,9422.365769
2021/3/4,9054.141048
2021/3/5,9122.850657
2021/3/6,9120.54166
2021/3/7,9548.809546
2021/3/8,9743.218836
2021/3/9,10224.39973
2021/3/10,10445.80057
2021/3/11,10781.35604
2021/3/12,10693.66322
2021/3/13,11423.69159
2021/3/14,11062.26133
2021/3/15,10429.46025
2021/3/16,10597.45818
2021/3/17,10983.37655
2021/3/18,10795.11087
2021/3/19,10886.66451
2021/3/20,10882.27681
2021/3/21,10734.80856
2021/3/22,10176.02794
2021/3/23,10215.6348
2021/3/24,9849.481429
2021/3/25,9650.287627
2021/3/26,10291.50697
2021/3/27,10448.14147
2021/3/28,10444.46559
2021/3/29,10780.88296
2021/3/30,10999.39891
2021/3/31,11000.16787
2021/4/1,11033.77831
2021/4/2,11088.13863
2021/4/3,10756.17261
2021/4/4,10972.3266
2021/4/5,11028.8079
2021/4/6,10867.69183
2021/4/7,10467.93055
2021/4/8,10893.34328
2021/4/9,10879.11058
2021/4/10,11168.89803
2021/4/11,11246.35849
2021/4/12,11188.71072
2021/4/13,11863.64044
2021/4/14,11790.61094
2021/4/15,11829.45493
2021/4/16,11504.57157
2021/4/17,11338.82479
2021/4/18,10504.45402
2021/4/19,10412.87672
2021/4/20,10553.23527
2021/4/21,10073.89534
2021/4/22,9673.724724
2021/4/23,9549.192301
2021/4/24,9354.716482
2021/4/25,9159.559433
2021/4/26,10097.80043
2021/4/27,10287.3336
2021/4/28,10248.88209
2021/4/29,10011.93634
2021/4/30,10796.69884
2021/5/1,10811.74515
2021/5/2,10588.62005
2021/5/3,10695.63935
2021/5/4,9973.241426
2021/5/5,10738.73013
2021/5/6,10547.14919
2021/5/7,10727.27435
2021/5/8,10998.63941
2021/5/9,10892.44558
2021/5/10,10449.27338
2021/5/11,10607.90877
2021/5/12,9195.278479
2021/5/13,9301.610101
2021/5/14,9332.769013
2021/5/15,8749.310197
2021/5/16,8692.790765
2021/5/17,8147.016465
2021/5/18,8029.743469
2021/5/19,6924.525701
2021/5/20,7631.95929
2021/5/21,6981.087898
2021/5/22,7024.492536
2021/5/23,6506.862707
2021/5/24,7243.320724
2021/5/25,7188.293774
2021/5/26,7355.564112
2021/5/27,7195.381291
2021/5/28,6682.839301
2021/5/29,6480.610132
2021/5/30,6679.766384
2021/5/31,6989.904862
2021/6/1,6868.910212
2021/6/2,7035.996714
2021/6/3,7342.243322
2021/6/4,6909.150721
2021/6/5,6658.046398
2021/6/6,6716.525579
2021/6/7,6285.729618
2021/6/8,6269.549449
2021/6/9,6995.161387
2021/6/10,6875.094212
2021/6/11,6993.687298
2021/6/12,6660.181738
2021/6/13,7324.656599
2021/6/14,7594.427251
2021/6/15,7523.441358
2021/6/16,7184.947736
2021/6/17,7130.256318
2021/6/19,6674.008593
2021/6/20,6689.688688
2021/6/21,5936.275759
2021/6/22,6091.806394
2021/6/23,6307.162562
2021/6/24,6496.439974
2021/6/25,5929.782112
2021/6/26,6032.760283
2021/6/27,6494.61677
2021/6/28,6454.427595
2021/6/29,6723.334234
2021/6/30,6568.525132
2021/7/1,6293.393253
2021/7/2,6354.507841
2021/7/3,6499.397013
2021/7/4,6615.748363
2021/7/5,6326.962072
2021/7/6,6418.991616
2021/7/7,6348.028172
2021/7/8,6164.928527
2021/7/9,6337.840728
2021/7/10,6286.153388
2021/7/11,6421.381046
2021/7/12,6218.279849
2021/7/13,6133.436648
2021/7/14,6156.350427
2021/7/15,5961.244627
2021/7/16,5894.158074
2021/7/17,5915.364764
2021/7/18,5965.133093
2021/7/19,5781.781473
2021/7/20,5592.443244
2021/7/21,6024.893092
2021/7/22,6063.168583
2021/7/23,6301.477227
2021/7/24,6435.185287
2021/7/25,6634.019351
2021/7/26,7007.344714
2021/7/27,7396.121274
2021/7/28,7507.066461
2021/7/29,7509.807841
2021/7/30,7928.298633
2021/7/31,7814.313798
2021/8/1,7504.724282
2021/8/2,7359.956655
2021/8/3,7163.415441
2021/8/4,7463.135428
2021/8/5,7674.231929
2021/8/6,8040.229037
2021/8/7,8367.306238
2021/8/8,8225.450743
2021/8/9,8708.053739
2021/8/10,8561.951424
2021/8/11,8563.986226
2021/8/12,8345.467907
2021/8/13,8978.026044
2021/8/14,8847.699561
2021/8/15,8838.829422
2021/8/16,8643.457262
2021/8/17,8397.967177
2021/8/18,8418.232962
2021/8/19,8778.755349
2021/8/20,9271.89789
2021/8/21,9190.921817
2021/8/22,9269.616224
2021/8/23,9312.442724
2021/8/24,8967.047657
2021/8/25,9203.379509
2021/8/26,8824.365229
2021/8/27,9222.655592
2021/8/28,9193.727903
2021/8/29,9180.573002
2021/8/30,8847.278241
2021/8/31,8868.699036
2021/9/1,9185.015102
2021/9/2,9275.908657
2021/9/3,9407.571847
2021/9/4,9392.861231
2021/9/5,9733.548825
2021/9/6,9899.650765
2021/9/7,8804.98622
2021/9/8,8670.029081
2021/9/9,8726.864544
2021/9/10,8443.670237
2021/9/11,8503.818281
2021/9/12,8666.366717
2021/9/13,8459.804814
2021/9/14,8860.952837
2021/9/15,9065.324794
2021/9/16,8991.791518
2021/9/17,8895.147444
2021/9/18,9085.843178
2021/9/19,8894.724045
2021/9/20,8063.958527
2021/9/21,7659.584888
2021/9/22,8202.185036
2021/9/23,8451.224035
2021/9/24,8064.703636
2021/9/25,8041.924501
2021/9/26,8134.906656
2021/9/27,7952.161753
2021/9/28,7726.396877
2021/9/29,7826.512285
2021/9/30,8246.192176
2021/10/1,9061.276994
2021/10/2,8985.474187
2021/10/3,9077.915252
2021/10/4,9250.331956
2021/10/5,9703.253104
2021/10/6,10428.27679
2021/10/7,10135.73259
2021/10/8,10166.64485
2021/10/9,10355.58748
2021/10/10,10319.09533
2021/10/11,10830.79139
2021/10/12,10559.26265
2021/10/13,10816.11751
2021/10/14,10803.78167
2021/10/15,11609.03492
2021/10/16,11476.76762
2021/10/17,11601.43314
2021/10/18,11690.39169
2021/10/19,12112.42527
2021/10/20,12439.27428
2021/10/21,11726.84283
2021/10/22,11441.31483
2021/10/23,11574.10091
2021/10/24,11487.43134
2021/10/25,11885.75312
2021/10/26,11381.7777
2021/10/27,11027.57767
2021/10/28,11431.65999
2021/10/29,11735.12442
2021/10/30,11671.78054
2021/10/31,11564.85845
2021/11/1,11506.06763
2021/11/2,11925.77136
2021/11/3,11878.08287
2021/11/4,11592.31375
2021/11/5,11531.28571
2021/11/6,11607.6935
2021/11/7,11947.78776
2021/11/8,12748.31491
2021/11/9,12636.67114
2021/11/10,12264.31511
2021/11/11,12256.43128
2021/11/12,12107.15199
2021/11/13,12166.95126
2021/11/14,12355.78997
2021/11/15,11996.11097
2021/11/16,11355.593
2021/11/17,11395.19389
2021/11/18,10749.00977
2021/11/19,10971.77698
2021/11/20,11270.1443
2021/11/21,11088.12312
2021/11/22,10627.72704
2021/11/23,10869.85076
2021/11/24,10801.90645
2021/11/25,11127.45672
2021/11/26,10116.13083
2021/11/27,10351.7625
2021/11/28,10811.80416
2021/11/29,10917.73829
2021/11/30,10766.89233
2021/12/1,10809.77744
2021/12/2,10668.29262
2021/12/3,10124.906
2021/12/4,9294.673868
2021/12/5,9326.953651
2021/12/6,9556.809108
2021/12/7,9579.48941
2021/12/8,9543.124045
2021/12/9,9008.35069
2021/12/10,8927.776763
2021/12/11,9328.730199
2021/12/12,9468.231146
2021/12/13,8833.457055
2021/12/14,9144.959088
2021/12/15,9242.442524
2021/12/16,9010.058215
2021/12/17,8733.891477
2021/12/18,8856.5003
2021/12/19,8830.11296
2021/12/20,8863.314462
2021/12/21,9252.558681
2021/12/22,9194.760353
2021/12/23,9602.90825
2021/12/24,9610.515479
2021/12/25,9536.780826
2021/12/26,9608.999957
2021/12/27,9577.463904
2021/12/28,9000.762306
2021/12/29,8784.787552
2021/12/30,8923.863279
2021/12/31,8759.393567
2022/1/1,9021.041934
2022/1/2,8956.883875
2022/1/3,8789.465968
2022/1/4,8683.832821
2022/1/5,8243.682845
2022/1/6,8166.853903
2022/1/7,7863.897742
2022/1/8,7897.587827
2022/1/9,7931.563547
2022/1/10,7914.848862
2022/1/11,8088.34801
2022/1/12,8318.369784
2022/1/13,8061.897626
2022/1/14,8158.50639
2022/1/15,8173.645718
2022/1/16,8162.114992
2022/1/17,7999.100893
2022/1/18,8023.137475
2022/1/19,7904.064271
2022/1/20,7703.045794
2022/1/21,6903.689731
2022/1/22,6633.74008
2022/1/23,6870.128481
2022/1/24,6941.965603
2022/1/25,6999.073939
2022/1/26,6980.06362
2022/1/27,7034.568735
2022/1/28,7157.316221
2022/1/29,7224.691364
2022/1/30,7183.259678
2022/1/31,7290.736417
2022/2/1,7340.392243
2022/2/2,7001.558178
2022/2/3,7040.102327
2022/2/4,7863.966845
2022/2/5,7852.978896
2022/2/6,8037.445116
2022/2/7,8308.388842
2022/2/8,8361.545439
2022/2/9,8403.692845
2022/2/10,8257.451165
